game_id,game_date,start_time_utc,away,home,neutral_site,away_rating,home_rating,rating_diff,p_away_rw,p_away_otw,p_away_sow,p_home_sow,p_home_otw,p_home_rw,p_home_win,p_past_regulation
2026020001,2026-09-29,2026-09-29T21:00:00Z,FLA,CAR,false,1502.3069,1557.3969,82.5900,0.284296,0.064490,0.035574,0.035574,0.079813,0.500252,0.615640,0.215451
2026020002,2026-09-29,2026-09-29T23:00:00Z,MTL,TOR,false,1532.1819,1471.5008,-33.1812,0.430236,0.080397,0.037081,0.037081,0.070019,0.345185,0.452285,0.224579
2026020003,2026-09-29,2026-09-30T00:00:00Z,NYR,BOS,false,1473.0095,1509.7025,64.1930,0.305563,0.067774,0.036262,0.036262,0.079318,0.474821,0.590400,0.219616
2026020004,2026-09-29,2026-09-30T02:00:00Z,VAN,EDM,false,1429.1356,1509.0794,107.4438,0.256997,0.059787,0.034413,0.034413,0.079806,0.534584,0.648803,0.208419
2026020005,2026-09-29,2026-09-30T02:30:00Z,CHI,VGK,false,1427.1552,1500.3607,100.7055,0.264230,0.061086,0.034753,0.034753,0.079884,0.525294,0.639931,0.210475
2026020006,2026-09-30,2026-09-30T23:30:00Z,PIT,PHI,false,1495.4146,1506.5774,38.6628,0.336454,0.071954,0.036950,0.036950,0.077928,0.439765,0.554642,0.223781
2026020008,2026-09-30,2026-09-30T23:30:00Z,NYI,TOR,false,1497.7819,1471.5008,1.2188,0.384273,0.077050,0.037357,0.037357,0.074485,0.389477,0.501320,0.226250
2026020007,2026-09-30,2026-10-01T02:00:00Z,LAK,COL,false,1483.4393,1560.9154,104.9761,0.259631,0.060264,0.034540,0.034540,0.079841,0.531184,0.645565,0.209184
2026020009,2026-10-01,2026-10-01T23:00:00Z,PHI,NJD,false,1506.5774,1499.3772,20.2998,0.359567,0.074624,0.037241,0.037241,0.076440,0.414886,0.528567,0.225546
2026020010,2026-10-01,2026-10-01T23:00:00Z,TBL,NYR,false,1543.2239,1473.0095,-42.7144,0.443219,0.081072,0.036896,0.036896,0.068592,0.333325,0.438813,0.223456
2026020011,2026-10-01,2026-10-01T23:00:00Z,BUF,CBJ,false,1542.3894,1493.8629,-21.0265,0.413819,0.079374,0.037250,0.037250,0.071725,0.360582,0.469557,0.225599
2026020012,2026-10-01,2026-10-02T00:00:00Z,MIN,NSH,false,1522.1862,1482.5060,-12.1802,0.401985,0.078518,0.037324,0.037324,0.072881,0.371968,0.482173,0.226047
2026020014,2026-10-01,2026-10-02T01:00:00Z,SEA,CGY,false,1458.2032,1475.2226,44.5195,0.329234,0.071040,0.036820,0.036820,0.078318,0.447767,0.562906,0.222998
2026020013,2026-10-01,2026-10-02T01:30:00Z,CHI,UTA,false,1427.1552,1503.4991,103.8440,0.260846,0.060483,0.034597,0.034597,0.079854,0.529624,0.644075,0.209531
2026020015,2026-10-01,2026-10-02T02:00:00Z,EDM,VAN,false,1509.0794,1429.1356,-52.4438,0.456548,0.081641,0.036659,0.036659,0.067063,0.321429,0.425152,0.222023
2026020016,2026-10-01,2026-10-02T02:00:00Z,FLA,SJS,false,1502.3069,1461.5838,-13.2230,0.403374,0.078624,0.037317,0.037317,0.072749,0.370618,0.480684,0.226007
2026020017,2026-10-02,2026-10-02T22:30:00Z,NYR,DET,false,1473.0095,1491.1622,45.6527,0.327846,0.070860,0.036793,0.036793,0.078388,0.449319,0.564501,0.222835
2026020018,2026-10-02,2026-10-02T23:00:00Z,WSH,CAR,false,1519.6010,1557.3969,65.2958,0.304264,0.067583,0.036225,0.036225,0.079359,0.476343,0.591927,0.219393
2026020019,2026-10-02,2026-10-03T00:00:00Z,BOS,WPG,false,1509.7025,1491.7087,9.5062,0.373463,0.076043,0.037330,0.037330,0.075383,0.400450,0.513164,0.226087
2026020020,2026-10-02,2026-10-03T01:00:00Z,STL,DAL,false,1500.9569,1545.3332,71.8763,0.296576,0.066427,0.035994,0.035994,0.079577,0.485434,0.601004,0.217990
2026020021,2026-10-02,2026-10-03T02:00:00Z,ANA,VGK,false,1489.3908,1500.3607,38.4698,0.336694,0.071984,0.036954,0.036954,0.077914,0.439501,0.554369,0.223805
2026020022,2026-10-03,2026-10-03T23:00:00Z,CHI,BUF,false,1427.1552,1542.3894,142.7343,0.221233,0.052809,0.032371,0.032371,0.078500,0.582717,0.693587,0.196050
2026020023,2026-10-03,2026-10-03T23:00:00Z,OTT,TOR,false,1523.8346,1471.5008,-24.8339,0.418943,0.079714,0.037205,0.037205,0.071205,0.355727,0.464137,0.225329
2026020024,2026-10-03,2026-10-03T23:00:00Z,WSH,TBL,false,1519.6010,1543.2239,51.1229,0.321187,0.069976,0.036654,0.036654,0.078707,0.456822,0.572183,0.221991
2026020025,2026-10-03,2026-10-03T23:00:00Z,CAR,PHI,false,1557.3969,1506.5774,-23.3195,0.416903,0.079581,0.037224,0.037224,0.071413,0.357655,0.466292,0.225442
2026020026,2026-10-03,2026-10-03T23:00:00Z,MTL,PIT,false,1532.1819,1495.4146,-9.2673,0.398111,0.078216,0.037339,0.037339,0.073245,0.375748,0.486333,0.226140
2026020027,2026-10-03,2026-10-03T23:00:00Z,UTA,CBJ,false,1503.4991,1493.8629,17.8638,0.362684,0.074955,0.037267,0.037267,0.076213,0.411615,0.525094,0.225701
2026020028,2026-10-03,2026-10-03T23:00:00Z,SEA,EDM,false,1458.2032,1509.0794,78.3762,0.289090,0.065259,0.035745,0.035745,0.079737,0.494423,0.609906,0.216487
2026020029,2026-10-03,2026-10-03T23:30:00Z,NJD,NYI,false,1499.3772,1497.7819,25.9047,0.352439,0.073842,0.037171,0.037171,0.076936,0.422441,0.536548,0.225120
2026020030,2026-10-03,2026-10-04T00:00:00Z,DAL,NSH,false,1545.3332,1482.5060,-35.3272,0.433151,0.080559,0.037044,0.037044,0.069704,0.342498,0.449246,0.224350
2026020031,2026-10-03,2026-10-04T00:00:00Z,BOS,MIN,false,1509.7025,1522.1862,39.9837,0.334819,0.071750,0.036922,0.036922,0.078019,0.441567,0.556508,0.223614
2026020032,2026-10-03,2026-10-04T01:00:00Z,STL,COL,false,1500.9569,1560.9154,87.4585,0.278816,0.063589,0.035367,0.035367,0.079873,0.506988,0.622227,0.214196
2026020033,2026-10-03,2026-10-04T02:00:00Z,CGY,VAN,false,1475.2226,1429.1356,-18.5870,0.410545,0.079148,0.037274,0.037274,0.072051,0.363707,0.473033,0.225747
2026020034,2026-10-03,2026-10-04T02:00:00Z,LAK,SJS,false,1483.4393,1461.5838,5.6445,0.378485,0.076521,0.037348,0.037348,0.074974,0.395324,0.507646,0.226190
2026020035,2026-10-04,2026-10-04T17:00:00Z,WPG,DET,false,1491.7087,1491.1622,26.9535,0.351112,0.073693,0.037156,0.037156,0.077025,0.423859,0.538039,0.225029
2026020036,2026-10-04,2026-10-04T22:00:00Z,UTA,NYR,false,1503.4991,1473.0095,-2.9896,0.389806,0.077533,0.037357,0.037357,0.074001,0.383945,0.495304,0.226248
2026020037,2026-10-04,2026-10-05T00:00:00Z,FLA,ANA,false,1502.3069,1489.3908,14.5839,0.366899,0.075390,0.037296,0.037296,0.075897,0.407222,0.520415,0.225879
2026020038,2026-10-04,2026-10-05T00:00:00Z,CGY,SEA,false,1475.2226,1458.2032,10.4805,0.372200,0.075920,0.037325,0.037325,0.075484,0.401747,0.514556,0.226054
2026020039,2026-10-04,2026-10-05T01:00:00Z,VGK,VAN,false,1500.3607,1429.1356,-43.7250,0.444600,0.081136,0.036874,0.036874,0.068437,0.332079,0.437390,0.223320
2026020040,2026-10-05,2026-10-05T23:00:00Z,PHI,TBL,false,1506.5774,1543.2239,64.1466,0.305618,0.067782,0.036263,0.036263,0.079316,0.474757,0.590336,0.219625
2026020041,2026-10-05,2026-10-05T23:30:00Z,OTT,BOS,false,1523.8346,1509.7025,13.3679,0.368467,0.075549,0.037306,0.037306,0.075776,0.405597,0.518679,0.225936
2026020042,2026-10-05,2026-10-05T23:30:00Z,WPG,PIT,false,1491.7087,1495.4146,31.2058,0.345756,0.073075,0.037089,0.037089,0.077372,0.429619,0.544080,0.224625
2026020043,2026-10-05,2026-10-06T00:00:00Z,SJS,DAL,false,1461.5838,1545.3332,111.2494,0.252969,0.059047,0.034214,0.034214,0.079737,0.539821,0.653771,0.207211
2026020044,2026-10-06,2026-10-06T23:00:00Z,NSH,TOR,false,1482.5060,1471.5008,16.4947,0.364441,0.075138,0.037280,0.037280,0.076082,0.409780,0.523141,0.225779
2026020045,2026-10-06,2026-10-06T23:00:00Z,CAR,MTL,false,1557.3969,1532.1819,2.2850,0.382876,0.076925,0.037356,0.037356,0.074605,0.390883,0.502844,0.226241
2026020046,2026-10-06,2026-10-06T23:00:00Z,OTT,DET,false,1523.8346,1491.1622,-5.1724,0.392687,0.077776,0.037353,0.037353,0.073743,0.381088,0.492184,0.226225
2026020047,2026-10-06,2026-10-06T23:00:00Z,UTA,NJD,false,1503.4991,1499.3772,23.3781,0.355645,0.074199,0.037205,0.037205,0.076717,0.419031,0.532952,0.225324
2026020049,2026-10-06,2026-10-06T23:00:00Z,MIN,BUF,false,1522.1862,1542.3894,47.7032,0.325342,0.070531,0.036743,0.036743,0.078512,0.452129,0.567384,0.222529
2026020048,2026-10-06,2026-10-06T23:30:00Z,NYI,NYR,false,1497.7819,1473.0095,2.7276,0.382296,0.076872,0.037355,0.037355,0.074654,0.391467,0.503476,0.226237
2026020050,2026-10-06,2026-10-07T00:00:00Z,STL,CHI,false,1500.9569,1427.1552,-46.3018,0.448125,0.081296,0.036814,0.036814,0.068037,0.328914,0.433765,0.222961
2026020051,2026-10-06,2026-10-07T01:40:00Z,VGK,SEA,false,1500.3607,1458.2032,-14.6575,0.405288,0.078767,0.037307,0.037307,0.072565,0.368765,0.478637,0.225947
2026020052,2026-10-06,2026-10-07T02:00:00Z,FLA,LAK,false,1502.3069,1483.4393,8.6324,0.374597,0.076153,0.037335,0.037335,0.075292,0.399288,0.511915,0.226115
2026020053,2026-10-07,2026-10-07T23:30:00Z,PIT,WSH,false,1495.4146,1519.6010,51.6865,0.320505,0.069883,0.036639,0.036639,0.078738,0.457596,0.572973,0.221899
2026020054,2026-10-07,2026-10-07T23:30:00Z,COL,WPG,false,1560.9154,1491.7087,-41.7067,0.441843,0.081006,0.036918,0.036918,0.068746,0.334569,0.440234,0.223588
2026020055,2026-10-07,2026-10-08T02:00:00Z,EDM,ANA,false,1509.0794,1489.3908,7.8114,0.375664,0.076255,0.037339,0.037339,0.075206,0.398198,0.510742,0.226138
2026020056,2026-10-08,2026-10-08T23:00:00Z,UTA,BOS,false,1503.4991,1509.7025,33.7034,0.342627,0.072705,0.037046,0.037046,0.077565,0.433011,0.547622,0.224362
2026020057,2026-10-08,2026-10-08T23:00:00Z,DAL,BUF,false,1545.3332,1542.3894,24.5562,0.354148,0.074033,0.037189,0.037189,0.076820,0.420620,0.534629,0.225231
2026020058,2026-10-08,2026-10-08T23:00:00Z,NSH,MTL,false,1482.5060,1532.1819,77.1759,0.290464,0.065476,0.035793,0.035793,0.079712,0.492762,0.608267,0.216773
2026020059,2026-10-08,2026-10-08T23:00:00Z,PHI,OTT,false,1506.5774,1523.8346,44.7573,0.328943,0.071002,0.036815,0.036815,0.078333,0.448093,0.563240,0.222964
2026020060,2026-10-08,2026-10-08T23:00:00Z,MIN,TBL,false,1522.1862,1543.2239,48.5377,0.324325,0.070396,0.036722,0.036722,0.078561,0.453274,0.568556,0.222401
2026020061,2026-10-08,2026-10-08T23:00:00Z,VAN,CAR,false,1429.1356,1557.3969,155.7613,0.208948,0.050203,0.031521,0.031521,0.077656,0.600152,0.709328,0.190900
2026020062,2026-10-08,2026-10-08T23:30:00Z,CHI,NYI,false,1427.1552,1497.7819,98.1268,0.267032,0.061579,0.034878,0.034878,0.079899,0.521734,0.636511,0.211234
2026020063,2026-10-08,2026-10-09T00:00:00Z,SJS,STL,false,1461.5838,1500.9569,66.8731,0.302411,0.067309,0.036171,0.036171,0.079416,0.478521,0.594109,0.219068
2026020064,2026-10-08,2026-10-09T01:00:00Z,COL,CGY,false,1560.9154,1475.2226,-58.1928,0.464453,0.081920,0.036498,0.036498,0.066128,0.314503,0.417129,0.221044
2026020065,2026-10-08,2026-10-09T02:00:00Z,TOR,VGK,false,1471.5008,1500.3607,56.3599,0.314877,0.069108,0.036507,0.036507,0.078977,0.464023,0.579507,0.221099
2026020066,2026-10-09,2026-10-09T23:00:00Z,SEA,DET,false,1458.2032,1491.1622,60.4591,0.309984,0.068416,0.036382,0.036382,0.079165,0.469670,0.585218,0.220345
2026020067,2026-10-09,2026-10-09T23:00:00Z,NYR,WSH,false,1473.0095,1519.6010,74.0915,0.294012,0.066031,0.035911,0.035911,0.079637,0.488497,0.604045,0.217491
2026020068,2026-10-09,2026-10-09T23:00:00Z,PIT,CBJ,false,1495.4146,1493.8629,25.9484,0.352384,0.073836,0.037170,0.037170,0.076940,0.422500,0.536610,0.225116
2026020069,2026-10-09,2026-10-10T00:00:00Z,ANA,WPG,false,1489.3908,1491.7087,29.8179,0.347500,0.073279,0.037112,0.037112,0.077261,0.427737,0.542110,0.224763
2026020070,2026-10-10,2026-10-10T17:00:00Z,PHI,BOS,false,1506.5774,1509.7025,30.6251,0.346485,0.073161,0.037099,0.037099,0.077325,0.428831,0.543256,0.224684
2026020071,2026-10-10,2026-10-10T19:30:00Z,VAN,NJD,false,1429.1356,1499.3772,97.7416,0.267452,0.061652,0.034896,0.034896,0.079901,0.521202,0.635999,0.211346
2026020072,2026-10-10,2026-10-10T20:00:00Z,EDM,SJS,false,1509.0794,1461.5838,-19.9956,0.412435,0.079279,0.037261,0.037261,0.071863,0.361901,0.471025,0.225664
2026020073,2026-10-10,2026-10-10T22:00:00Z,MIN,FLA,false,1522.1862,1502.3069,7.6207,0.375912,0.076279,0.037340,0.037340,0.075186,0.397944,0.510470,0.226144
2026020074,2026-10-10,2026-10-10T23:00:00Z,UTA,BUF,false,1503.4991,1542.3894,66.3903,0.302978,0.067393,0.036188,0.036188,0.079399,0.477854,0.593441,0.219168
2026020075,2026-10-10,2026-10-10T23:00:00Z,DET,MTL,false,1491.1622,1532.1819,68.5197,0.300484,0.067020,0.036114,0.036114,0.079473,0.480795,0.596382,0.218721
2026020076,2026-10-10,2026-10-10T23:00:00Z,NSH,OTT,false,1482.5060,1523.8346,68.8286,0.300123,0.066966,0.036103,0.036103,0.079483,0.481222,0.596808,0.218655
2026020077,2026-10-10,2026-10-10T23:00:00Z,DAL,PIT,false,1545.3332,1495.4146,-22.4187,0.415691,0.079501,0.037234,0.037234,0.071536,0.358804,0.467574,0.225506
2026020078,2026-10-10,2026-10-10T23:00:00Z,CAR,CHI,false,1557.3969,1427.1552,-102.7417,0.526006,0.082621,0.034727,0.034727,0.058246,0.263673,0.356646,0.210322
2026020079,2026-10-10,2026-10-10T23:00:00Z,CBJ,STL,false,1493.8629,1500.9569,34.5940,0.341515,0.072572,0.037029,0.037029,0.077633,0.434222,0.548884,0.224263
2026020080,2026-10-10,2026-10-10T23:00:00Z,TOR,COL,false,1471.5008,1560.9154,116.9147,0.247047,0.057938,0.033907,0.033907,0.079601,0.547600,0.661108,0.205352
2026020081,2026-10-10,2026-10-10T23:30:00Z,TBL,NYI,false,1543.2239,1497.7819,-17.9420,0.409681,0.079086,0.037280,0.037280,0.072136,0.364535,0.473952,0.225783
2026020082,2026-10-10,2026-10-11T02:00:00Z,ANA,CGY,false,1489.3908,1475.2226,13.3318,0.368513,0.075554,0.037306,0.037306,0.075773,0.405549,0.518627,0.225938
2026020083,2026-10-10,2026-10-11T02:00:00Z,LAK,VGK,false,1483.4393,1500.3607,44.4214,0.329355,0.071055,0.036823,0.036823,0.078311,0.447633,0.562767,0.223012
2026020084,2026-10-11,2026-10-11T21:00:00Z,SEA,WSH,false,1458.2032,1519.6010,88.8979,0.277208,0.063321,0.035304,0.035304,0.079885,0.508978,0.624167,0.213813
2026020085,2026-10-11,2026-10-11T22:00:00Z,VAN,NYR,false,1429.1356,1473.0095,71.3739,0.297159,0.066516,0.036012,0.036012,0.079562,0.484739,0.600313,0.218102
2026020086,2026-10-11,2026-10-11T23:00:00Z,CAR,PHI,false,1557.3969,1506.5774,-23.3195,0.416903,0.079581,0.037224,0.037224,0.071413,0.357655,0.466292,0.225442
2026020087,2026-10-12,2026-10-12T17:00:00Z,FLA,BUF,false,1502.3069,1542.3894,67.5825,0.301580,0.067184,0.036147,0.036147,0.079441,0.479501,0.595089,0.218919
2026020088,2026-10-12,2026-10-12T23:00:00Z,OTT,NJD,false,1523.8346,1499.3772,3.0425,0.381884,0.076835,0.037355,0.037355,0.074689,0.391883,0.503926,0.226233
2026020089,2026-10-12,2026-10-13T00:00:00Z,VGK,MIN,false,1500.3607,1522.1862,49.3256,0.323367,0.070269,0.036702,0.036702,0.078606,0.454355,0.569662,0.222278
2026020090,2026-10-13,2026-10-13T22:00:00Z,NJD,DET,false,1499.3772,1491.1622,19.2851,0.360864,0.074763,0.037252,0.037252,0.076346,0.413523,0.527121,0.225613
2026020091,2026-10-13,2026-10-13T22:15:00Z,FLA,CBJ,false,1502.3069,1493.8629,19.0561,0.361157,0.074794,0.037255,0.037255,0.076325,0.413215,0.526794,0.225628
2026020092,2026-10-13,2026-10-13T22:30:00Z,BUF,MTL,false,1542.3894,1532.1819,17.2925,0.363417,0.075031,0.037272,0.037272,0.076159,0.410849,0.524279,0.225734
2026020093,2026-10-13,2026-10-13T22:45:00Z,WSH,CAR,false,1519.6010,1557.3969,65.2958,0.304264,0.067583,0.036225,0.036225,0.079359,0.476343,0.591927,0.219393
2026020094,2026-10-13,2026-10-13T23:00:00Z,SEA,PHI,false,1458.2032,1506.5774,75.8742,0.291959,0.065711,0.035843,0.035843,0.079682,0.490962,0.606487,0.217079
2026020095,2026-10-13,2026-10-13T23:15:00Z,TBL,NYR,false,1543.2239,1473.0095,-42.7144,0.443219,0.081072,0.036896,0.036896,0.068592,0.333325,0.438813,0.223456
2026020096,2026-10-13,2026-10-13T23:30:00Z,STL,OTT,false,1500.9569,1523.8346,50.3777,0.322090,0.070098,0.036674,0.036674,0.078666,0.455799,0.571138,0.222111
2026020097,2026-10-13,2026-10-13T23:45:00Z,VAN,NYI,false,1429.1356,1497.7819,96.1463,0.269196,0.061956,0.034972,0.034972,0.079905,0.518999,0.633876,0.211805
2026020098,2026-10-13,2026-10-14T00:00:00Z,PIT,CHI,false,1495.4146,1427.1552,-40.7594,0.440550,0.080943,0.036938,0.036938,0.068891,0.335741,0.441570,0.223709
2026020099,2026-10-13,2026-10-14T00:15:00Z,MIN,WPG,false,1522.1862,1491.7087,-2.9775,0.389790,0.077532,0.037357,0.037357,0.074003,0.383961,0.495321,0.226248
2026020100,2026-10-13,2026-10-14T00:30:00Z,COL,DAL,false,1560.9154,1545.3332,11.9178,0.370340,0.075736,0.037316,0.037316,0.075631,0.403662,0.516608,0.225999
2026020101,2026-10-13,2026-10-14T00:45:00Z,VGK,NSH,false,1500.3607,1482.5060,9.6454,0.373282,0.076025,0.037330,0.037330,0.075398,0.400635,0.513363,0.226083
2026020102,2026-10-13,2026-10-14T01:00:00Z,TOR,UTA,false,1471.5008,1503.4991,59.4984,0.311128,0.068579,0.036412,0.036412,0.079123,0.468346,0.583881,0.220526
2026020103,2026-10-13,2026-10-14T01:45:00Z,CGY,ANA,false,1475.2226,1489.3908,41.6682,0.332740,0.071488,0.036886,0.036886,0.078133,0.443868,0.558886,0.223392
2026020104,2026-10-13,2026-10-14T02:30:00Z,EDM,LAK,false,1509.0794,1483.4393,1.8599,0.383433,0.076975,0.037357,0.037357,0.074557,0.390322,0.502236,0.226245
2026020105,2026-10-13,2026-10-14T03:00:00Z,BOS,SJS,false,1509.7025,1461.5838,-20.6187,0.413271,0.079337,0.037254,0.037254,0.071780,0.361104,0.470138,0.225625
2026020106,2026-10-14,2026-10-14T23:30:00Z,MTL,WSH,false,1532.1819,1519.6010,14.9191,0.366467,0.075346,0.037293,0.037293,0.075929,0.407670,0.520893,0.225862
2026020107,2026-10-14,2026-10-15T00:30:00Z,DAL,COL,false,1545.3332,1560.9154,43.0822,0.330999,0.071267,0.036854,0.036854,0.078226,0.445801,0.560880,0.223200
2026020108,2026-10-15,2026-10-15T23:00:00Z,BUF,TOR,false,1542.3894,1471.5008,-43.3887,0.444141,0.081115,0.036881,0.036881,0.068489,0.332494,0.437863,0.223366
2026020109,2026-10-15,2026-10-15T23:00:00Z,NYI,OTT,false,1497.7819,1523.8346,53.5527,0.318251,0.069576,0.036587,0.036587,0.078836,0.460161,0.575585,0.221587
2026020111,2026-10-15,2026-10-15T23:00:00Z,SEA,TBL,false,1458.2032,1543.2239,112.5208,0.251632,0.058799,0.034146,0.034146,0.079710,0.541568,0.655424,0.206800
2026020112,2026-10-15,2026-10-15T23:00:00Z,VAN,FLA,false,1429.1356,1502.3069,100.6713,0.264267,0.061092,0.034754,0.034754,0.079884,0.525247,0.639886,0.210485
2026020113,2026-10-15,2026-10-15T23:00:00Z,NYR,NJD,false,1473.0095,1499.3772,53.8677,0.317872,0.069524,0.036579,0.036579,0.078853,0.460595,0.576026,0.221534
2026020110,2026-10-15,2026-10-15T23:30:00Z,PHI,DET,false,1506.5774,1491.1622,12.0848,0.370124,0.075715,0.037315,0.037315,0.075648,0.403885,0.516847,0.225992
2026020114,2026-10-15,2026-10-16T00:00:00Z,WPG,CHI,false,1491.7087,1427.1552,-37.0536,0.435500,0.080685,0.037012,0.037012,0.069448,0.340344,0.446804,0.224156
2026020115,2026-10-15,2026-10-16T00:00:00Z,SJS,NSH,false,1461.5838,1482.5060,48.4222,0.324466,0.070415,0.036725,0.036725,0.078554,0.453115,0.568394,0.222419
2026020116,2026-10-15,2026-10-16T00:00:00Z,STL,MIN,false,1500.9569,1522.1862,48.7293,0.324092,0.070365,0.036717,0.036717,0.078572,0.453537,0.568825,0.222371
2026020117,2026-10-15,2026-10-16T01:00:00Z,UTA,EDM,false,1503.4991,1509.0794,33.0803,0.343406,0.072798,0.037057,0.037057,0.077518,0.432164,0.546739,0.224429
2026020118,2026-10-15,2026-10-16T02:00:00Z,CGY,VGK,false,1475.2226,1500.3607,52.6380,0.319355,0.069727,0.036613,0.036613,0.078789,0.458904,0.574305,0.221741
2026020119,2026-10-16,2026-10-17T01:00:00Z,PIT,COL,false,1495.4146,1560.9154,93.0009,0.272655,0.062551,0.035119,0.035119,0.079904,0.514652,0.629675,0.212693
2026020120,2026-10-16,2026-10-17T02:00:00Z,BOS,ANA,false,1509.7025,1489.3908,7.1883,0.376475,0.076332,0.037342,0.037342,0.075140,0.397371,0.509852,0.226155
2026020121,2026-10-17,2026-10-17T17:00:00Z,NJD,WSH,false,1499.3772,1519.6010,47.7239,0.325317,0.070528,0.036742,0.036742,0.078513,0.452158,0.567413,0.222526
2026020122,2026-10-17,2026-10-17T19:30:00Z,CAR,WPG,false,1557.3969,1491.7087,-38.1881,0.437044,0.080766,0.036990,0.036990,0.069279,0.338932,0.445200,0.224024
2026020123,2026-10-17,2026-10-17T20:00:00Z,VAN,TBL,false,1429.1356,1543.2239,141.5883,0.222337,0.053038,0.032443,0.032443,0.078565,0.581173,0.692181,0.196490
2026020124,2026-10-17,2026-10-17T22:00:00Z,SEA,FLA,false,1458.2032,1502.3069,71.6037,0.296892,0.066475,0.036004,0.036004,0.079569,0.485057,0.600629,0.218051
2026020125,2026-10-17,2026-10-17T23:00:00Z,NYI,TOR,false,1497.7819,1471.5008,1.2188,0.384273,0.077050,0.037357,0.037357,0.074485,0.389477,0.501320,0.226250
2026020126,2026-10-17,2026-10-17T23:00:00Z,BUF,MTL,false,1542.3894,1532.1819,17.2925,0.363417,0.075031,0.037272,0.037272,0.076159,0.410849,0.524279,0.225734
2026020127,2026-10-17,2026-10-17T23:00:00Z,SJS,DET,false,1461.5838,1491.1622,57.0784,0.314017,0.068988,0.036486,0.036486,0.079012,0.465013,0.580510,0.220971
2026020128,2026-10-17,2026-10-17T23:00:00Z,OTT,PHI,false,1523.8346,1506.5774,10.2427,0.372508,0.075950,0.037326,0.037326,0.075460,0.401430,0.514216,0.226062
2026020129,2026-10-17,2026-10-17T23:00:00Z,NYR,CBJ,false,1473.0095,1493.8629,48.3534,0.324550,0.070426,0.036726,0.036726,0.078550,0.453021,0.568298,0.222429
2026020130,2026-10-17,2026-10-17T23:00:00Z,DAL,CHI,false,1545.3332,1427.1552,-90.6781,0.509337,0.082687,0.035292,0.035292,0.060472,0.276919,0.372683,0.213744
2026020131,2026-10-17,2026-10-18T00:00:00Z,STL,NSH,false,1500.9569,1482.5060,9.0491,0.374056,0.076100,0.037333,0.037333,0.075336,0.399842,0.512511,0.226102
2026020132,2026-10-17,2026-10-18T01:00:00Z,BOS,LAK,false,1509.7025,1483.4393,1.2368,0.384250,0.077048,0.037357,0.037357,0.074487,0.389501,0.501345,0.226250
2026020133,2026-10-17,2026-10-18T02:00:00Z,EDM,UTA,false,1509.0794,1503.4991,21.9197,0.357501,0.074402,0.037222,0.037222,0.076587,0.417066,0.530875,0.225433
2026020134,2026-10-17,2026-10-18T02:00:00Z,PIT,VGK,false,1495.4146,1500.3607,32.4461,0.344200,0.072892,0.037068,0.037068,0.077469,0.431303,0.545839,0.224497
2026020135,2026-10-18,2026-10-18T22:00:00Z,CBJ,MIN,false,1493.8629,1522.1862,55.8233,0.315521,0.069198,0.036523,0.036523,0.078951,0.463285,0.578758,0.221194
2026020136,2026-10-18,2026-10-19T00:00:00Z,CAR,CGY,false,1557.3969,1475.2226,-54.6743,0.459612,0.081754,0.036599,0.036599,0.066703,0.318733,0.422035,0.221655
2026020137,2026-10-19,2026-10-19T23:00:00Z,ANA,NYR,false,1489.3908,1473.0095,11.1187,0.371373,0.075839,0.037321,0.037321,0.075549,0.402597,0.515467,0.226030
2026020138,2026-10-19,2026-10-19T23:00:00Z,COL,PHI,false,1560.9154,1506.5774,-26.8380,0.421648,0.079886,0.037179,0.037179,0.070925,0.353183,0.461288,0.225169
2026020139,2026-10-19,2026-10-19T23:30:00Z,SJS,TOR,false,1461.5838,1471.5008,37.4169,0.338000,0.072145,0.036975,0.036975,0.077839,0.438066,0.552880,0.223934
2026020140,2026-10-19,2026-10-20T01:00:00Z,PIT,UTA,false,1495.4146,1503.4991,35.5845,0.340280,0.072423,0.037011,0.037011,0.077706,0.435570,0.550287,0.224150
2026020141,2026-10-20,2026-10-20T23:00:00Z,SJS,MTL,false,1461.5838,1532.1819,98.0981,0.267063,0.061584,0.034879,0.034879,0.079899,0.521695,0.636473,0.211242
2026020142,2026-10-20,2026-10-20T23:00:00Z,COL,NJD,false,1560.9154,1499.3772,-34.0382,0.431400,0.080463,0.037067,0.037067,0.069893,0.344111,0.451071,0.224489
2026020143,2026-10-20,2026-10-20T23:00:00Z,ANA,NYI,false,1489.3908,1497.7819,35.8911,0.339898,0.072377,0.037005,0.037005,0.077729,0.435987,0.550721,0.224115
2026020144,2026-10-20,2026-10-20T23:00:00Z,LAK,WSH,false,1483.4393,1519.6010,63.6617,0.306190,0.067866,0.036279,0.036279,0.079297,0.474088,0.589664,0.219722
2026020145,2026-10-20,2026-10-20T23:00:00Z,TOR,CBJ,false,1471.5008,1493.8629,49.8622,0.322716,0.070182,0.036688,0.036688,0.078637,0.455091,0.570415,0.222193
2026020146,2026-10-20,2026-10-21T00:00:00Z,WPG,STL,false,1491.7087,1500.9569,36.7482,0.338831,0.072247,0.036988,0.036988,0.077791,0.437155,0.551934,0.224014
2026020147,2026-10-20,2026-10-21T00:00:00Z,BOS,DAL,false,1509.7025,1545.3332,63.1307,0.306818,0.067958,0.036297,0.036297,0.079276,0.473355,0.588928,0.219827
2026020148,2026-10-20,2026-10-21T01:00:00Z,MIN,EDM,false,1522.1862,1509.0794,14.3932,0.367145,0.075415,0.037298,0.037298,0.075878,0.406967,0.520142,0.225888
2026020149,2026-10-20,2026-10-21T01:40:00Z,DET,SEA,false,1491.1622,1458.2032,-5.4591,0.393066,0.077807,0.037353,0.037353,0.073709,0.380713,0.491774,0.226221
2026020150,2026-10-20,2026-10-21T02:00:00Z,CAR,VAN,false,1557.3969,1429.1356,-100.7613,0.523272,0.082645,0.034824,0.034824,0.058615,0.265820,0.359259,0.210908
2026020151,2026-10-20,2026-10-21T02:30:00Z,TBL,VGK,false,1543.2239,1500.3607,-15.3633,0.406231,0.078837,0.037302,0.037302,0.072474,0.367854,0.477630,0.225915
2026020152,2026-10-21,2026-10-21T23:30:00Z,PHI,BUF,false,1506.5774,1542.3894,63.3120,0.306603,0.067927,0.036291,0.036291,0.079283,0.473605,0.589179,0.219792
2026020153,2026-10-21,2026-10-21T23:30:00Z,FLA,OTT,false,1502.3069,1523.8346,49.0278,0.323729,0.070317,0.036709,0.036709,0.078589,0.453946,0.569244,0.222325
2026020154,2026-10-22,2026-10-22T23:00:00Z,NSH,BOS,false,1482.5060,1509.7025,54.6965,0.316874,0.069386,0.036555,0.036555,0.078895,0.461734,0.577185,0.221391
2026020155,2026-10-22,2026-10-22T23:00:00Z,NYR,TOR,false,1473.0095,1471.5008,25.9913,0.352329,0.073830,0.037169,0.037169,0.076943,0.422558,0.536671,0.225112
2026020156,2026-10-22,2026-10-22T23:00:00Z,SJS,OTT,false,1461.5838,1523.8346,89.7508,0.276258,0.063161,0.035266,0.035266,0.079890,0.510158,0.625315,0.213584
2026020157,2026-10-22,2026-10-22T23:00:00Z,ANA,NJD,false,1489.3908,1499.3772,37.4864,0.337914,0.072134,0.036974,0.036974,0.077844,0.438161,0.552979,0.223926
2026020158,2026-10-22,2026-10-22T23:00:00Z,FLA,PIT,false,1502.3069,1495.4146,20.6077,0.359174,0.074582,0.037238,0.037238,0.076468,0.415301,0.529006,0.225526
2026020159,2026-10-22,2026-10-22T23:30:00Z,LAK,NYI,false,1483.4393,1497.7819,41.8426,0.332525,0.071461,0.036882,0.036882,0.078145,0.444106,0.559132,0.223369
2026020160,2026-10-22,2026-10-23T00:00:00Z,VGK,STL,false,1500.3607,1500.9569,28.0963,0.349669,0.073528,0.037139,0.037139,0.077120,0.425405,0.539664,0.224926
2026020161,2026-10-22,2026-10-23T00:00:00Z,WPG,DAL,false,1491.7087,1545.3332,81.1245,0.285958,0.064758,0.035635,0.035635,0.079789,0.498225,0.613649,0.215817
2026020162,2026-10-22,2026-10-23T01:00:00Z,MIN,CGY,false,1522.1862,1475.2226,-19.4636,0.411721,0.079230,0.037266,0.037266,0.071935,0.362583,0.471783,0.225696
2026020163,2026-10-22,2026-10-23T01:00:00Z,CAR,EDM,false,1557.3969,1509.0794,-20.8175,0.413538,0.079355,0.037252,0.037252,0.071753,0.360849,0.469854,0.225612
2026020164,2026-10-22,2026-10-23T02:00:00Z,UTA,SEA,false,1503.4991,1458.2032,-17.7960,0.409485,0.079072,0.037282,0.037282,0.072156,0.364723,0.474161,0.225791
2026020165,2026-10-22,2026-10-23T02:00:00Z,DET,VAN,false,1491.1622,1429.1356,-34.5266,0.432063,0.080499,0.037058,0.037058,0.069822,0.343500,0.450380,0.224437
2026020166,2026-10-23,2026-10-24T00:00:00Z,MTL,CHI,false,1532.1819,1427.1552,-77.5268,0.491144,0.082543,0.035838,0.035838,0.062830,0.291807,0.390475,0.217049
2026020167,2026-10-23,2026-10-24T01:00:00Z,TBL,COL,false,1543.2239,1560.9154,45.1915,0.328411,0.070933,0.036804,0.036804,0.078360,0.448688,0.563852,0.222902
2026020168,2026-10-24,2026-10-24T17:00:00Z,ANA,PHI,false,1489.3908,1506.5774,44.6866,0.329029,0.071013,0.036816,0.036816,0.078328,0.447996,0.563141,0.222974
2026020169,2026-10-24,2026-10-24T19:30:00Z,LAK,NJD,false,1483.4393,1499.3772,43.4379,0.330562,0.071211,0.036846,0.036846,0.078249,0.446287,0.561382,0.223151
2026020170,2026-10-24,2026-10-24T23:00:00Z,SJS,BOS,false,1461.5838,1509.7025,75.6187,0.292252,0.065757,0.035853,0.035853,0.079676,0.490609,0.606137,0.217139
2026020171,2026-10-24,2026-10-24T23:00:00Z,NYR,OTT,false,1473.0095,1523.8346,78.3251,0.289148,0.065268,0.035747,0.035747,0.079736,0.494352,0.609836,0.216499
2026020172,2026-10-24,2026-10-24T23:00:00Z,NSH,PIT,false,1482.5060,1495.4146,40.4085,0.334294,0.071684,0.036913,0.036913,0.078048,0.442147,0.557108,0.223559
2026020173,2026-10-24,2026-10-24T23:00:00Z,BUF,WSH,false,1542.3894,1519.6010,4.7116,0.379703,0.076635,0.037350,0.037350,0.074873,0.394089,0.506312,0.226208
2026020174,2026-10-24,2026-10-24T23:00:00Z,VGK,CBJ,false,1500.3607,1493.8629,21.0023,0.358670,0.074528,0.037233,0.037233,0.076504,0.415831,0.529568,0.225498
2026020175,2026-10-24,2026-10-24T23:00:00Z,CAR,STL,false,1557.3969,1500.9569,-28.9399,0.424489,0.080061,0.037149,0.037149,0.070629,0.350524,0.458302,0.224987
2026020176,2026-10-24,2026-10-24T23:00:00Z,TOR,EDM,false,1471.5008,1509.0794,65.0786,0.304520,0.067621,0.036232,0.036232,0.079351,0.476043,0.591627,0.219437
2026020177,2026-10-24,2026-10-25T01:00:00Z,TBL,UTA,false,1543.2239,1503.4991,-12.2248,0.402044,0.078523,0.037324,0.037324,0.072876,0.371910,0.482109,0.226046
2026020178,2026-10-24,2026-10-25T02:00:00Z,DET,CGY,false,1491.1622,1475.2226,11.5604,0.370802,0.075782,0.037318,0.037318,0.075594,0.403185,0.516098,0.226013
2026020179,2026-10-24,2026-10-25T02:00:00Z,MIN,SEA,false,1522.1862,1458.2032,-36.4831,0.434723,0.080644,0.037022,0.037022,0.069533,0.341055,0.447611,0.224221
2026020180,2026-10-25,2026-10-25T19:00:00Z,FLA,CHI,false,1502.3069,1427.1552,-47.6517,0.449974,0.081376,0.036782,0.036782,0.067825,0.327261,0.431868,0.222765
2026020181,2026-10-25,2026-10-25T22:00:00Z,NYI,DAL,false,1497.7819,1545.3332,75.0513,0.292906,0.065859,0.035875,0.035875,0.079662,0.489824,0.605360,0.217270
2026020182,2026-10-25,2026-10-25T23:00:00Z,MTL,WPG,true,1532.1819,1491.7087,-12.9732,0.403041,0.078599,0.037319,0.037319,0.072781,0.370942,0.481041,0.226017
2026020183,2026-10-25,2026-10-26T00:00:00Z,COL,NSH,false,1560.9154,1482.5060,-50.9094,0.454441,0.081559,0.036700,0.036700,0.067309,0.323291,0.427300,0.222268
2026020184,2026-10-25,2026-10-26T02:00:00Z,MIN,VAN,false,1522.1862,1429.1356,-65.5506,0.474595,0.082215,0.036267,0.036267,0.064899,0.305756,0.406922,0.219649
2026020185,2026-10-26,2026-10-26T23:00:00Z,LAK,NYR,false,1483.4393,1473.0095,17.0702,0.363702,0.075061,0.037274,0.037274,0.076137,0.410551,0.523962,0.225747
2026020186,2026-10-26,2026-10-27T00:30:00Z,TOR,CGY,false,1471.5008,1475.2226,31.2219,0.345736,0.073073,0.037089,0.037089,0.077373,0.429641,0.544103,0.224623
2026020187,2026-10-26,2026-10-27T01:30:00Z,DET,EDM,false,1491.1622,1509.0794,45.4172,0.328134,0.070897,0.036799,0.036799,0.078374,0.448997,0.564169,0.222869
2026020188,2026-10-27,2026-10-27T23:00:00Z,CBJ,PHI,false,1493.8629,1506.5774,40.2144,0.334534,0.071715,0.036917,0.036917,0.078035,0.441882,0.556834,0.223584
2026020189,2026-10-27,2026-10-28T00:00:00Z,BOS,CAR,false,1509.7025,1557.3969,75.1944,0.292741,0.065834,0.035869,0.035869,0.079665,0.490022,0.605556,0.217237
2026020190,2026-10-27,2026-10-28T00:00:00Z,LAK,CHI,false,1483.4393,1427.1552,-28.7841,0.424278,0.080048,0.037151,0.037151,0.070651,0.350721,0.458523,0.225001
2026020191,2026-10-27,2026-10-28T00:00:00Z,MTL,STL,false,1532.1819,1500.9569,-3.7250,0.390776,0.077615,0.037356,0.037356,0.073915,0.382982,0.494253,0.226242
2026020192,2026-10-27,2026-10-28T00:00:00Z,NYI,NSH,false,1497.7819,1482.5060,12.2241,0.369944,0.075697,0.037314,0.037314,0.075662,0.404070,0.517046,0.225986
2026020193,2026-10-27,2026-10-28T00:00:00Z,NJD,DAL,false,1499.3772,1545.3332,73.4561,0.294746,0.066145,0.035935,0.035935,0.079621,0.487618,0.603174,0.217636
2026020194,2026-10-27,2026-10-28T00:00:00Z,FLA,WPG,false,1502.3069,1491.7087,16.9019,0.363918,0.075084,0.037276,0.037276,0.076121,0.410325,0.523722,0.225757
2026020195,2026-10-27,2026-10-28T01:00:00Z,MIN,UTA,false,1522.1862,1503.4991,8.8129,0.374363,0.076130,0.037334,0.037334,0.075311,0.399528,0.512173,0.226109
2026020196,2026-10-27,2026-10-28T02:00:00Z,OTT,VGK,false,1523.8346,1500.3607,4.0260,0.380598,0.076717,0.037352,0.037352,0.074798,0.393182,0.505332,0.226220
2026020197,2026-10-27,2026-10-28T02:00:00Z,VAN,ANA,false,1429.1356,1489.3908,87.7552,0.278484,0.063534,0.035354,0.035354,0.079875,0.507398,0.622628,0.214118
2026020198,2026-10-27,2026-10-28T02:30:00Z,BUF,SJS,false,1542.3894,1461.5838,-53.3056,0.457731,0.081686,0.036636,0.036636,0.066925,0.320386,0.423947,0.221883
2026020199,2026-10-28,2026-10-28T23:30:00Z,PHI,WSH,false,1506.5774,1519.6010,40.5236,0.334152,0.071667,0.036911,0.036911,0.078056,0.442304,0.557271,0.223544
2026020200,2026-10-28,2026-10-29T00:30:00Z,CGY,EDM,false,1475.2226,1509.0794,61.3568,0.308918,0.068262,0.036354,0.036354,0.079203,0.470908,0.586465,0.220173
2026020201,2026-10-28,2026-10-29T01:00:00Z,NJD,COL,false,1499.3772,1560.9154,89.0382,0.277052,0.063295,0.035298,0.035298,0.079886,0.509173,0.624356,0.213776
2026020202,2026-10-28,2026-10-29T02:00:00Z,TOR,SEA,false,1471.5008,1458.2032,14.2024,0.367390,0.075440,0.037299,0.037299,0.075859,0.406712,0.519870,0.225898
2026020204,2026-10-29,2026-10-29T23:00:00Z,WPG,TBL,false,1491.7087,1543.2239,79.0152,0.288360,0.065143,0.035720,0.035720,0.079750,0.495307,0.610777,0.216333
2026020205,2026-10-29,2026-10-29T23:00:00Z,UTA,PIT,false,1503.4991,1495.4146,19.4155,0.360697,0.074745,0.037251,0.037251,0.076358,0.413698,0.527307,0.225605
2026020206,2026-10-29,2026-10-29T23:00:00Z,CBJ,CAR,false,1493.8629,1557.3969,91.0339,0.274832,0.062921,0.035208,0.035208,0.079897,0.511932,0.627038,0.213235
2026020203,2026-10-29,2026-10-29T23:30:00Z,CHI,DET,false,1427.1552,1491.1622,91.5071,0.274308,0.062832,0.035187,0.035187,0.079900,0.512587,0.627673,0.213106
2026020207,2026-10-29,2026-10-30T00:00:00Z,BOS,STL,false,1509.7025,1500.9569,18.7544,0.361543,0.074835,0.037258,0.037258,0.076296,0.412810,0.526364,0.225647
2026020208,2026-10-29,2026-10-30T00:00:00Z,WSH,NSH,false,1519.6010,1482.5060,-9.5950,0.398546,0.078251,0.037338,0.037338,0.073205,0.375322,0.485865,0.226131
2026020209,2026-10-29,2026-10-30T00:00:00Z,MTL,DAL,false,1532.1819,1545.3332,40.6513,0.333994,0.071647,0.036908,0.036908,0.078065,0.442479,0.557451,0.223527
2026020210,2026-10-29,2026-10-30T00:00:00Z,NYI,MIN,false,1497.7819,1522.1862,51.9043,0.320241,0.069848,0.036633,0.036633,0.078749,0.457896,0.573278,0.221863
2026020211,2026-10-29,2026-10-30T02:00:00Z,BUF,ANA,false,1542.3894,1489.3908,-25.4986,0.419840,0.079772,0.037197,0.037197,0.071112,0.354883,0.463192,0.225278
2026020212,2026-10-29,2026-10-30T02:00:00Z,OTT,LAK,false,1523.8346,1483.4393,-12.8953,0.402937,0.078591,0.037319,0.037319,0.072791,0.371042,0.481152,0.226020
2026020213,2026-10-29,2026-10-30T02:00:00Z,VAN,SJS,false,1429.1356,1461.5838,59.9482,0.310592,0.068503,0.036398,0.036398,0.079143,0.468966,0.584507,0.220442
2026020214,2026-10-30,2026-10-30T22:00:00Z,NJD,VGK,false,1499.3772,1500.3607,28.4835,0.349181,0.073473,0.037133,0.037133,0.077152,0.425929,0.540214,0.224890
2026020215,2026-10-30,2026-10-30T23:00:00Z,WPG,FLA,false,1491.7087,1502.3069,38.0981,0.337154,0.072041,0.036961,0.036961,0.077888,0.438994,0.553844,0.223851
2026020216,2026-10-30,2026-10-31T00:00:00Z,SEA,CGY,false,1458.2032,1475.2226,44.5195,0.329234,0.071040,0.036820,0.036820,0.078318,0.447767,0.562906,0.222998
2026020217,2026-10-31,2026-10-31T17:00:00Z,CHI,BOS,false,1427.1552,1509.7025,110.0474,0.254237,0.059281,0.034277,0.034277,0.079760,0.538168,0.652205,0.207596
2026020218,2026-10-31,2026-10-31T17:00:00Z,STL,DET,false,1500.9569,1491.1622,17.7053,0.362887,0.074976,0.037268,0.037268,0.076198,0.411402,0.524868,0.225710
2026020219,2026-10-31,2026-10-31T18:00:00Z,TBL,NSH,false,1543.2239,1482.5060,-33.2179,0.430286,0.080400,0.037081,0.037081,0.070013,0.345139,0.452233,0.224575
2026020220,2026-10-31,2026-10-31T18:00:00Z,EDM,NYI,false,1509.0794,1497.7819,16.2025,0.364816,0.075177,0.037282,0.037282,0.076054,0.409388,0.522725,0.225795
2026020221,2026-10-31,2026-10-31T20:00:00Z,BUF,LAK,false,1542.3894,1483.4393,-31.4501,0.427888,0.080263,0.037110,0.037110,0.070269,0.347360,0.454739,0.224752
2026020222,2026-10-31,2026-10-31T20:00:00Z,OTT,SJS,false,1523.8346,1461.5838,-34.7508,0.432368,0.080516,0.037054,0.037054,0.069789,0.343219,0.450062,0.224413
2026020223,2026-10-31,2026-10-31T23:00:00Z,PIT,MTL,false,1495.4146,1532.1819,64.2673,0.305476,0.067762,0.036259,0.036259,0.079320,0.474923,0.590503,0.219601
2026020224,2026-10-31,2026-10-31T23:00:00Z,TOR,VAN,false,1471.5008,1429.1356,-14.8651,0.405565,0.078788,0.037306,0.037306,0.072538,0.368497,0.478341,0.225938
2026020225,2026-10-31,2026-11-01T00:00:00Z,CBJ,DAL,false,1493.8629,1545.3332,78.9703,0.288411,0.065151,0.035722,0.035722,0.079749,0.495245,0.610716,0.216344
2026020226,2026-10-31,2026-11-01T02:00:00Z,CGY,COL,false,1475.2226,1560.9154,113.1928,0.250927,0.058667,0.034110,0.034110,0.079695,0.542492,0.656296,0.206581
2026020227,2026-11-01,2026-11-01T18:00:00Z,WPG,CAR,false,1491.7087,1557.3969,93.1881,0.272449,0.062516,0.035110,0.035110,0.079905,0.514911,0.629926,0.212641
2026020228,2026-11-01,2026-11-01T20:30:00Z,MIN,WSH,false,1522.1862,1519.6010,24.9148,0.353693,0.073983,0.037184,0.037184,0.076851,0.421104,0.535140,0.225202
2026020229,2026-11-01,2026-11-01T21:00:00Z,UTA,PHI,false,1503.4991,1506.5774,30.5783,0.346544,0.073168,0.037099,0.037099,0.077322,0.428768,0.543189,0.224688
2026020230,2026-11-01,2026-11-01T23:00:00Z,EDM,NYR,false,1509.0794,1473.0095,-8.5699,0.397186,0.078143,0.037342,0.037342,0.073331,0.376656,0.487329,0.226158
2026020231,2026-11-01,2026-11-02T01:00:00Z,OTT,ANA,false,1523.8346,1489.3908,-6.9438,0.395031,0.077969,0.037348,0.037348,0.073530,0.378774,0.489653,0.226195
2026020232,2026-11-02,2026-11-03T00:00:00Z,VGK,BOS,false,1500.3607,1509.7025,36.8419,0.338715,0.072232,0.036986,0.036986,0.077798,0.437282,0.552067,0.224003
2026020233,2026-11-02,2026-11-03T00:00:00Z,DET,FLA,false,1491.1622,1502.3069,38.6446,0.336477,0.071957,0.036950,0.036950,0.077927,0.439740,0.554616,0.223783
2026020234,2026-11-02,2026-11-03T01:00:00Z,COL,CHI,false,1560.9154,1427.1552,-106.2603,0.530858,0.082567,0.034552,0.034552,0.057587,0.259885,0.352024,0.209257
2026020235,2026-11-02,2026-11-03T02:00:00Z,CGY,SJS,false,1475.2226,1461.5838,13.8612,0.367830,0.075485,0.037302,0.037302,0.075825,0.406256,0.519383,0.225914
2026020236,2026-11-03,2026-11-04T00:00:00Z,UTA,TOR,false,1503.4991,1471.5008,-4.4984,0.391797,0.077701,0.037355,0.037355,0.073823,0.381969,0.493147,0.226234
2026020237,2026-11-03,2026-11-04T00:00:00Z,WPG,MTL,false,1491.7087,1532.1819,67.9732,0.301123,0.067116,0.036133,0.036133,0.079454,0.480040,0.595628,0.218837
2026020238,2026-11-03,2026-11-04T00:00:00Z,DET,TBL,false,1491.1622,1543.2239,79.5617,0.287737,0.065043,0.035698,0.035698,0.079761,0.496063,0.611522,0.216200
2026020240,2026-11-03,2026-11-04T00:00:00Z,STL,NYR,false,1500.9569,1473.0095,-0.4474,0.386460,0.077244,0.037358,0.037358,0.074296,0.387283,0.498938,0.226256
2026020241,2026-11-03,2026-11-04T00:00:00Z,MIN,PHI,false,1522.1862,1506.5774,11.8912,0.370374,0.075740,0.037316,0.037316,0.075628,0.403626,0.516570,0.226000
2026020242,2026-11-03,2026-11-04T00:00:00Z,VGK,PIT,false,1500.3607,1495.4146,22.5539,0.356693,0.074314,0.037215,0.037215,0.076644,0.417920,0.531779,0.225387
2026020243,2026-11-03,2026-11-04T00:00:00Z,DAL,WSH,false,1545.3332,1519.6010,1.7678,0.383553,0.076986,0.037357,0.037357,0.074547,0.390201,0.502104,0.226246
2026020244,2026-11-03,2026-11-04T00:00:00Z,COL,CBJ,false,1560.9154,1493.8629,-39.5525,0.438904,0.080861,0.036963,0.036963,0.069073,0.337237,0.443273,0.223859
2026020239,2026-11-03,2026-11-04T00:30:00Z,EDM,NJD,false,1509.0794,1499.3772,17.7978,0.362769,0.074964,0.037267,0.037267,0.076206,0.411526,0.525000,0.225705
2026020245,2026-11-03,2026-11-04T01:00:00Z,CAR,NSH,false,1557.3969,1482.5060,-47.3908,0.449617,0.081360,0.036788,0.036788,0.067866,0.327580,0.432235,0.222803
2026020246,2026-11-03,2026-11-04T02:00:00Z,ANA,VAN,false,1489.3908,1429.1356,-32.7552,0.429658,0.080365,0.037089,0.037089,0.070081,0.345720,0.452889,0.224622
2026020247,2026-11-04,2026-11-05T00:30:00Z,OTT,BUF,false,1523.8346,1542.3894,46.0548,0.327354,0.070795,0.036784,0.036784,0.078413,0.449870,0.565067,0.222776
2026020248,2026-11-04,2026-11-05T00:30:00Z,CHI,FLA,false,1427.1552,1502.3069,102.6517,0.262128,0.060712,0.034656,0.034656,0.079867,0.527980,0.642503,0.209892
2026020249,2026-11-04,2026-11-05T03:00:00Z,SJS,LAK,false,1461.5838,1483.4393,49.3555,0.323331,0.070264,0.036701,0.036701,0.078608,0.454396,0.569704,0.222273
2026020250,2026-11-04,2026-11-05T03:00:00Z,CGY,SEA,false,1475.2226,1458.2032,10.4805,0.372200,0.075920,0.037325,0.037325,0.075484,0.401747,0.514556,0.226054
2026020251,2026-11-05,2026-11-06T00:00:00Z,UTA,MTL,false,1503.4991,1532.1819,56.1828,0.315090,0.069138,0.036512,0.036512,0.078969,0.463780,0.579260,0.221131
2026020252,2026-11-05,2026-11-06T00:00:00Z,VGK,DET,false,1500.3607,1491.1622,18.3016,0.362123,0.074896,0.037262,0.037262,0.076254,0.412202,0.525719,0.225675
2026020253,2026-11-05,2026-11-06T00:00:00Z,CHI,TBL,false,1427.1552,1543.2239,143.5688,0.220431,0.052642,0.032318,0.032318,0.078451,0.583840,0.694609,0.195729
2026020254,2026-11-05,2026-11-06T00:00:00Z,STL,NJD,false,1500.9569,1499.3772,25.9202,0.352419,0.073840,0.037170,0.037170,0.076937,0.422462,0.536570,0.225118
2026020255,2026-11-05,2026-11-06T00:00:00Z,CAR,NYI,false,1557.3969,1497.7819,-32.1150,0.428789,0.080315,0.037099,0.037099,0.070173,0.346524,0.453797,0.224687
2026020256,2026-11-05,2026-11-06T00:00:00Z,PHI,NYR,false,1506.5774,1473.0095,-6.0679,0.393871,0.077874,0.037351,0.037351,0.073636,0.379918,0.490904,0.226211
2026020257,2026-11-05,2026-11-06T00:00:00Z,BOS,PIT,false,1509.7025,1495.4146,13.2121,0.368668,0.075569,0.037307,0.037307,0.075761,0.405389,0.518456,0.225943
2026020258,2026-11-05,2026-11-06T00:00:00Z,DAL,CBJ,false,1545.3332,1493.8629,-23.9703,0.417780,0.079639,0.037216,0.037216,0.071324,0.356826,0.465366,0.225394
2026020259,2026-11-05,2026-11-06T00:00:00Z,VAN,WPG,false,1429.1356,1491.7087,90.0731,0.275899,0.063101,0.035252,0.035252,0.079892,0.510604,0.625748,0.213497
2026020260,2026-11-05,2026-11-06T01:00:00Z,ANA,EDM,false,1489.3908,1509.0794,47.1886,0.325969,0.070614,0.036756,0.036756,0.078481,0.451424,0.566661,0.222607
2026020261,2026-11-05,2026-11-06T02:30:00Z,NSH,COL,false,1482.5060,1560.9154,105.9094,0.258633,0.060084,0.034492,0.034492,0.079828,0.532470,0.646791,0.208896
2026020262,2026-11-06,2026-11-07T00:00:00Z,CBJ,BUF,false,1493.8629,1542.3894,76.0265,0.291784,0.065684,0.035837,0.035837,0.079685,0.491173,0.606695,0.217044
2026020263,2026-11-06,2026-11-07T01:00:00Z,SJS,MIN,false,1461.5838,1522.1862,88.1024,0.278096,0.063469,0.035339,0.035339,0.079878,0.507878,0.623096,0.214026
2026020264,2026-11-06,2026-11-07T01:00:00Z,ANA,CGY,false,1489.3908,1475.2226,13.3318,0.368513,0.075554,0.037306,0.037306,0.075773,0.405549,0.518627,0.225938
2026020265,2026-11-07,2026-11-07T17:30:00Z,FLA,WSH,false,1502.3069,1519.6010,44.7942,0.328898,0.070996,0.036814,0.036814,0.078335,0.448143,0.563292,0.222959
2026020266,2026-11-07,2026-11-07T18:00:00Z,STL,NSH,false,1500.9569,1482.5060,9.0491,0.374056,0.076100,0.037333,0.037333,0.075336,0.399842,0.512511,0.226102
2026020267,2026-11-07,2026-11-07T22:00:00Z,NYR,SEA,false,1473.0095,1458.2032,12.6937,0.369337,0.075636,0.037310,0.037310,0.075709,0.404697,0.517716,0.225966
2026020268,2026-11-07,2026-11-08T00:00:00Z,MTL,TOR,false,1532.1819,1471.5008,-33.1812,0.430236,0.080397,0.037081,0.037081,0.070019,0.345185,0.452285,0.224579
2026020269,2026-11-07,2026-11-08T00:00:00Z,UTA,OTT,false,1503.4991,1523.8346,47.8355,0.325181,0.070510,0.036740,0.036740,0.078520,0.452311,0.567570,0.222509
2026020270,2026-11-07,2026-11-08T00:00:00Z,NJD,NYI,false,1499.3772,1497.7819,25.9047,0.352439,0.073842,0.037171,0.037171,0.076936,0.422441,0.536548,0.225120
2026020271,2026-11-07,2026-11-08T01:00:00Z,CHI,CAR,false,1427.1552,1557.3969,157.7417,0.207124,0.049807,0.031387,0.031387,0.077512,0.602782,0.711681,0.190094
2026020272,2026-11-07,2026-11-08T01:00:00Z,SJS,DAL,false,1461.5838,1545.3332,111.2494,0.252969,0.059047,0.034214,0.034214,0.079737,0.539821,0.653771,0.207211
2026020273,2026-11-07,2026-11-08T01:00:00Z,TBL,MIN,false,1543.2239,1522.1862,6.4623,0.377420,0.076421,0.037345,0.037345,0.075062,0.396408,0.508814,0.226173
2026020274,2026-11-07,2026-11-08T02:00:00Z,DET,COL,false,1491.1622,1560.9154,97.2532,0.267985,0.061745,0.034920,0.034920,0.079902,0.520528,0.635350,0.211487
2026020275,2026-11-07,2026-11-08T02:00:00Z,PIT,LAK,false,1495.4146,1483.4393,15.5247,0.365688,0.075267,0.037288,0.037288,0.075988,0.408481,0.521757,0.225831
2026020276,2026-11-07,2026-11-08T03:00:00Z,VAN,EDM,false,1429.1356,1509.0794,107.4438,0.256997,0.059787,0.034413,0.034413,0.079806,0.534584,0.648803,0.208419
2026020277,2026-11-08,2026-11-08T18:00:00Z,FLA,BOS,false,1502.3069,1509.7025,34.8956,0.341138,0.072527,0.037024,0.037024,0.077655,0.434633,0.549311,0.224229
2026020278,2026-11-08,2026-11-08T20:30:00Z,VGK,BUF,false,1500.3607,1542.3894,69.5288,0.299306,0.066842,0.036078,0.036078,0.079505,0.482189,0.597773,0.218505
2026020280,2026-11-08,2026-11-08T23:00:00Z,TBL,WPG,false,1543.2239,1491.7087,-24.0152,0.417840,0.079643,0.037216,0.037216,0.071318,0.356769,0.465302,0.225391
2026020279,2026-11-08,2026-11-09T00:00:00Z,NJD,TOR,false,1499.3772,1471.5008,-0.3764,0.386367,0.077235,0.037358,0.037358,0.074304,0.387377,0.499039,0.226256
2026020281,2026-11-08,2026-11-09T00:00:00Z,PHI,CGY,false,1506.5774,1475.2226,-3.8548,0.390947,0.077630,0.037356,0.037356,0.073900,0.382812,0.494067,0.226241
2026020282,2026-11-08,2026-11-09T01:00:00Z,PIT,ANA,false,1495.4146,1489.3908,21.4762,0.358066,0.074463,0.037228,0.037228,0.076547,0.416469,0.530244,0.225465
2026020283,2026-11-09,2026-11-10T01:00:00Z,NYR,EDM,false,1473.0095,1509.0794,63.5699,0.306299,0.067882,0.036282,0.036282,0.079293,0.473961,0.589537,0.219740
2026020284,2026-11-09,2026-11-10T02:30:00Z,PHI,VAN,false,1506.5774,1429.1356,-49.9418,0.453114,0.081506,0.036725,0.036725,0.067463,0.324468,0.428656,0.222419
2026020285,2026-11-09,2026-11-10T03:00:00Z,NYI,SJS,false,1497.7819,1461.5838,-8.6981,0.397356,0.078156,0.037342,0.037342,0.073316,0.376489,0.487146,0.226155
2026020286,2026-11-10,2026-11-11T00:00:00Z,COL,TOR,false,1560.9154,1471.5008,-61.9147,0.469580,0.082078,0.036384,0.036384,0.065511,0.310062,0.411957,0.220358
2026020287,2026-11-10,2026-11-11T00:00:00Z,MIN,MTL,false,1522.1862,1532.1819,37.4957,0.337902,0.072133,0.036973,0.036973,0.077845,0.438173,0.552992,0.223925
2026020288,2026-11-10,2026-11-11T00:00:00Z,WSH,OTT,false,1519.6010,1523.8346,31.7336,0.345093,0.072998,0.037080,0.037080,0.077413,0.430335,0.544829,0.224571
2026020291,2026-11-10,2026-11-11T00:00:00Z,NJD,WPG,false,1499.3772,1491.7087,19.8316,0.360165,0.074688,0.037246,0.037246,0.076397,0.414257,0.527900,0.225578
2026020289,2026-11-10,2026-11-11T00:30:00Z,FLA,CBJ,false,1502.3069,1493.8629,19.0561,0.361157,0.074794,0.037255,0.037255,0.076325,0.413215,0.526794,0.225628
2026020290,2026-11-10,2026-11-11T01:00:00Z,DET,STL,false,1491.1622,1500.9569,37.2947,0.338152,0.072163,0.036977,0.036977,0.077831,0.437899,0.552707,0.223949
2026020292,2026-11-10,2026-11-11T03:00:00Z,NSH,LAK,false,1482.5060,1483.4393,28.4333,0.349244,0.073480,0.037134,0.037134,0.077148,0.425861,0.540143,0.224895
2026020293,2026-11-11,2026-11-12T00:00:00Z,TBL,BUF,false,1543.2239,1542.3894,26.6655,0.351476,0.073734,0.037160,0.037160,0.077000,0.423469,0.537630,0.225054
2026020294,2026-11-11,2026-11-12T00:30:00Z,NYR,CGY,false,1473.0095,1475.2226,29.7131,0.347632,0.073294,0.037114,0.037114,0.077252,0.427595,0.541961,0.224773
2026020295,2026-11-11,2026-11-12T02:00:00Z,PHI,EDM,false,1506.5774,1509.0794,30.0020,0.347268,0.073252,0.037109,0.037109,0.077275,0.427987,0.542371,0.224745
2026020296,2026-11-11,2026-11-12T02:30:00Z,UTA,VGK,false,1503.4991,1500.3607,24.3615,0.354395,0.074061,0.037192,0.037192,0.076803,0.420358,0.534352,0.225247
2026020297,2026-11-11,2026-11-12T03:00:00Z,NSH,ANA,false,1482.5060,1489.3908,34.3848,0.341776,0.072603,0.037033,0.037033,0.077617,0.433938,0.548588,0.224286
2026020298,2026-11-11,2026-11-12T03:00:00Z,PIT,SJS,false,1495.4146,1461.5838,-6.3307,0.394219,0.077902,0.037350,0.037350,0.073604,0.379575,0.490529,0.226207
2026020309,2026-11-12,2026-11-12T17:00:00Z,CAR,SEA,true,1557.3969,1458.2032,-99.1937,0.521107,0.082660,0.034900,0.034900,0.058906,0.267527,0.361333,0.211366
2026020299,2026-11-12,2026-11-13T00:00:00Z,MTL,BOS,false,1532.1819,1509.7025,5.0206,0.379299,0.076597,0.037350,0.037350,0.074906,0.394498,0.506754,0.226203
2026020300,2026-11-12,2026-11-13T00:00:00Z,MIN,TOR,false,1522.1862,1471.5008,-23.1855,0.416723,0.079569,0.037226,0.037226,0.071431,0.357826,0.466483,0.225452
2026020301,2026-11-12,2026-11-13T00:00:00Z,COL,OTT,false,1560.9154,1523.8346,-9.5808,0.398528,0.078249,0.037338,0.037338,0.073207,0.375341,0.485885,0.226132
2026020303,2026-11-12,2026-11-13T00:00:00Z,WSH,NJD,false,1519.6010,1499.3772,7.2761,0.376360,0.076321,0.037341,0.037341,0.075149,0.397487,0.509977,0.226153
2026020304,2026-11-12,2026-11-13T00:00:00Z,TBL,CBJ,false,1543.2239,1493.8629,-21.8610,0.414941,0.079450,0.037241,0.037241,0.071612,0.359516,0.468368,0.225544
2026020302,2026-11-12,2026-11-13T00:30:00Z,DET,FLA,false,1491.1622,1502.3069,38.6446,0.336477,0.071957,0.036950,0.036950,0.077927,0.439740,0.554616,0.223783
2026020305,2026-11-12,2026-11-13T01:00:00Z,BUF,CHI,false,1542.3894,1427.1552,-87.7343,0.505265,0.082674,0.035421,0.035421,0.061007,0.280212,0.376639,0.214523
2026020306,2026-11-12,2026-11-13T01:00:00Z,WPG,DAL,false,1491.7087,1545.3332,81.1245,0.285958,0.064758,0.035635,0.035635,0.079789,0.498225,0.613649,0.215817
2026020307,2026-11-12,2026-11-13T02:00:00Z,STL,UTA,false,1500.9569,1503.4991,30.0422,0.347218,0.073246,0.037108,0.037108,0.077279,0.428041,0.542428,0.224741
2026020308,2026-11-12,2026-11-13T03:00:00Z,NYI,LAK,false,1497.7819,1483.4393,13.1574,0.368738,0.075576,0.037307,0.037307,0.075755,0.405316,0.518378,0.225946
2026020310,2026-11-13,2026-11-14T02:00:00Z,NYR,VAN,false,1473.0095,1429.1356,-16.3739,0.407582,0.078936,0.037294,0.037294,0.072342,0.366552,0.476189,0.225866
2026020311,2026-11-13,2026-11-14T03:00:00Z,NSH,VGK,false,1482.5060,1500.3607,45.3546,0.328211,0.070907,0.036801,0.036801,0.078370,0.448911,0.564081,0.222878
2026020321,2026-11-14,2026-11-14T18:00:00Z,SEA,CAR,true,1458.2032,1557.3969,99.1937,0.265871,0.061375,0.034826,0.034826,0.079894,0.523208,0.637928,0.210922
2026020312,2026-11-14,2026-11-14T20:30:00Z,WPG,CHI,false,1491.7087,1427.1552,-37.0536,0.435500,0.080685,0.037012,0.037012,0.069448,0.340344,0.446804,0.224156
2026020313,2026-11-14,2026-11-15T00:00:00Z,MIN,BOS,false,1522.1862,1509.7025,15.0163,0.366342,0.075334,0.037293,0.037293,0.075939,0.407800,0.521032,0.225858
2026020314,2026-11-14,2026-11-15T00:00:00Z,EDM,TOR,false,1509.0794,1471.5008,-10.0786,0.399189,0.078301,0.037335,0.037335,0.073145,0.374694,0.485174,0.226117
2026020315,2026-11-14,2026-11-15T00:00:00Z,COL,MTL,false,1560.9154,1532.1819,-1.2335,0.387494,0.077334,0.037358,0.037358,0.074206,0.386250,0.497814,0.226256
2026020316,2026-11-14,2026-11-15T00:00:00Z,DET,TBL,false,1491.1622,1543.2239,79.5617,0.287737,0.065043,0.035698,0.035698,0.079761,0.496063,0.611522,0.216200
2026020317,2026-11-14,2026-11-15T00:00:00Z,OTT,PIT,false,1523.8346,1495.4146,-0.9201,0.387082,0.077298,0.037358,0.037358,0.074242,0.386662,0.498262,0.226256
2026020318,2026-11-14,2026-11-15T00:00:00Z,NJD,WSH,false,1499.3772,1519.6010,47.7239,0.325317,0.070528,0.036742,0.036742,0.078513,0.452158,0.567413,0.222526
2026020319,2026-11-14,2026-11-15T00:00:00Z,PHI,CBJ,false,1506.5774,1493.8629,14.7856,0.366639,0.075364,0.037294,0.037294,0.075916,0.407492,0.520703,0.225869
2026020320,2026-11-14,2026-11-15T00:00:00Z,FLA,STL,false,1502.3069,1500.9569,26.1501,0.352128,0.073807,0.037167,0.037167,0.076957,0.422773,0.536897,0.225099
2026020322,2026-11-14,2026-11-15T01:00:00Z,BUF,DAL,false,1542.3894,1545.3332,30.4438,0.346713,0.073187,0.037102,0.037102,0.077311,0.428586,0.542998,0.224702
2026020323,2026-11-14,2026-11-15T02:00:00Z,SJS,UTA,false,1461.5838,1503.4991,69.4153,0.299438,0.066862,0.036083,0.036083,0.079502,0.482033,0.597617,0.218529
2026020324,2026-11-14,2026-11-15T03:00:00Z,NYI,ANA,false,1497.7819,1489.3908,19.1089,0.361090,0.074787,0.037254,0.037254,0.076330,0.413286,0.526870,0.225624
2026020325,2026-11-14,2026-11-15T03:00:00Z,CGY,LAK,false,1475.2226,1483.4393,35.7167,0.340115,0.072403,0.037008,0.037008,0.077716,0.435750,0.550474,0.224135
2026020326,2026-11-15,2026-11-16T00:30:00Z,EDM,PHI,false,1509.0794,1506.5774,24.9980,0.353588,0.073971,0.037183,0.037183,0.076858,0.421217,0.535258,0.225195
2026020327,2026-11-15,2026-11-16T01:00:00Z,FLA,DAL,false,1502.3069,1545.3332,70.5264,0.298144,0.066666,0.036043,0.036043,0.079536,0.483568,0.599147,0.218288
2026020328,2026-11-15,2026-11-16T01:00:00Z,CGY,ANA,false,1475.2226,1489.3908,41.6682,0.332740,0.071488,0.036886,0.036886,0.078133,0.443868,0.558886,0.223392
2026020329,2026-11-15,2026-11-16T02:00:00Z,VAN,VGK,false,1429.1356,1500.3607,98.7250,0.266380,0.061465,0.034849,0.034849,0.079896,0.522560,0.637306,0.211059
2026020330,2026-11-15,2026-11-16T02:00:00Z,NSH,SJS,false,1482.5060,1461.5838,6.5778,0.377269,0.076407,0.037344,0.037344,0.075074,0.396561,0.508979,0.226170
2026020331,2026-11-16,2026-11-17T00:30:00Z,MTL,NYR,false,1532.1819,1473.0095,-31.6724,0.428189,0.080280,0.037106,0.037106,0.070237,0.347080,0.454424,0.224730
2026020332,2026-11-16,2026-11-17T02:30:00Z,VAN,UTA,false,1429.1356,1503.4991,101.8635,0.262978,0.060864,0.034696,0.034696,0.079875,0.526892,0.641462,0.210129
2026020333,2026-11-17,2026-11-18T00:00:00Z,LAK,BOS,false,1483.4393,1509.7025,53.7632,0.317998,0.069541,0.036582,0.036582,0.078847,0.460451,0.575880,0.221551
2026020335,2026-11-17,2026-11-18T00:00:00Z,EDM,FLA,false,1509.0794,1502.3069,20.7275,0.359021,0.074566,0.037236,0.037236,0.076479,0.415462,0.529177,0.225517
2026020336,2026-11-17,2026-11-18T00:00:00Z,CBJ,NYI,false,1493.8629,1497.7819,31.4190,0.345488,0.073044,0.037085,0.037085,0.077388,0.429908,0.544382,0.224603
2026020337,2026-11-17,2026-11-18T00:00:00Z,BUF,PHI,false,1542.3894,1506.5774,-8.3120,0.396844,0.078115,0.037343,0.037343,0.073363,0.376991,0.487698,0.226165
2026020341,2026-11-17,2026-11-18T00:00:00Z,OTT,WPG,false,1523.8346,1491.7087,-4.6259,0.391965,0.077715,0.037354,0.037354,0.073808,0.381802,0.492965,0.226232
2026020334,2026-11-17,2026-11-18T00:30:00Z,WSH,TBL,false,1519.6010,1543.2239,51.1229,0.321187,0.069976,0.036654,0.036654,0.078707,0.456822,0.572183,0.221991
2026020338,2026-11-17,2026-11-18T00:30:00Z,TOR,CHI,false,1471.5008,1427.1552,-16.8456,0.408213,0.078981,0.037290,0.037290,0.072281,0.365945,0.475516,0.225842
2026020339,2026-11-17,2026-11-18T01:00:00Z,ANA,STL,false,1489.3908,1500.9569,39.0661,0.335955,0.071892,0.036941,0.036941,0.077956,0.440315,0.555212,0.223731
2026020340,2026-11-17,2026-11-18T01:00:00Z,NSH,MIN,false,1482.5060,1522.1862,67.1802,0.302051,0.067255,0.036161,0.036161,0.079427,0.478945,0.594533,0.219004
2026020342,2026-11-17,2026-11-18T03:00:00Z,DAL,VGK,false,1545.3332,1500.3607,-17.4726,0.409052,0.079042,0.037285,0.037285,0.072198,0.365139,0.474622,0.225809
2026020343,2026-11-17,2026-11-18T03:00:00Z,CGY,SJS,false,1475.2226,1461.5838,13.8612,0.367830,0.075485,0.037302,0.037302,0.075825,0.406256,0.519383,0.225914
2026020344,2026-11-18,2026-11-19T00:30:00Z,BOS,DET,false,1509.7025,1491.1622,8.9597,0.374172,0.076112,0.037333,0.037333,0.075326,0.399723,0.512383,0.226105
2026020345,2026-11-18,2026-11-19T00:30:00Z,MTL,NJD,false,1532.1819,1499.3772,-5.3047,0.392862,0.077790,0.037353,0.037353,0.073727,0.380915,0.491995,0.226223
2026020346,2026-11-18,2026-11-19T02:00:00Z,COL,UTA,false,1560.9154,1503.4991,-29.9163,0.425810,0.080140,0.037134,0.037134,0.070490,0.349292,0.456915,0.224898
2026020347,2026-11-19,2026-11-20T00:00:00Z,LAK,TOR,false,1483.4393,1471.5008,15.5615,0.365641,0.075262,0.037288,0.037288,0.075992,0.408530,0.521810,0.225830
2026020348,2026-11-19,2026-11-20T00:00:00Z,PHI,OTT,false,1506.5774,1523.8346,44.7573,0.328943,0.071002,0.036815,0.036815,0.078333,0.448093,0.563240,0.222964
2026020350,2026-11-19,2026-11-20T00:00:00Z,STL,PIT,false,1500.9569,1495.4146,21.9576,0.357452,0.074396,0.037222,0.037222,0.076590,0.417117,0.530929,0.225431
2026020351,2026-11-19,2026-11-20T00:00:00Z,BUF,WSH,false,1542.3894,1519.6010,4.7116,0.379703,0.076635,0.037350,0.037350,0.074873,0.394089,0.506312,0.226208
2026020352,2026-11-19,2026-11-20T00:00:00Z,MTL,CAR,false,1532.1819,1557.3969,52.7150,0.319262,0.069714,0.036611,0.036611,0.078793,0.459010,0.574413,0.221728
2026020354,2026-11-19,2026-11-20T00:00:00Z,NYI,WPG,false,1497.7819,1491.7087,21.4268,0.358129,0.074470,0.037228,0.037228,0.076542,0.416403,0.530173,0.225469
2026020349,2026-11-19,2026-11-20T00:30:00Z,EDM,TBL,false,1509.0794,1543.2239,61.6445,0.308577,0.068213,0.036345,0.036345,0.079215,0.471305,0.586865,0.220118
2026020353,2026-11-19,2026-11-20T01:00:00Z,CBJ,CHI,false,1493.8629,1427.1552,-39.2078,0.438434,0.080837,0.036970,0.036970,0.069125,0.337665,0.443760,0.223901
2026020355,2026-11-19,2026-11-20T01:00:00Z,MIN,CGY,false,1522.1862,1475.2226,-19.4636,0.411721,0.079230,0.037266,0.037266,0.071935,0.362583,0.471783,0.225696
2026020356,2026-11-19,2026-11-20T02:00:00Z,ANA,COL,false,1489.3908,1560.9154,99.0246,0.266054,0.061407,0.034835,0.034835,0.079895,0.522974,0.637703,0.210971
2026020357,2026-11-19,2026-11-20T02:40:00Z,VAN,SEA,false,1429.1356,1458.2032,56.5675,0.314628,0.069074,0.036501,0.036501,0.078987,0.464309,0.579797,0.221062
2026020358,2026-11-19,2026-11-20T03:00:00Z,DAL,VGK,false,1545.3332,1500.3607,-17.4726,0.409052,0.079042,0.037285,0.037285,0.072198,0.365139,0.474622,0.225809
2026020359,2026-11-21,2026-11-21T18:00:00Z,EDM,CAR,false,1509.0794,1557.3969,75.8175,0.292024,0.065722,0.035845,0.035845,0.079680,0.490884,0.606409,0.217093
2026020360,2026-11-21,2026-11-21T20:30:00Z,CHI,CGY,false,1427.1552,1475.2226,75.5675,0.292311,0.065767,0.035855,0.035855,0.079674,0.490538,0.606067,0.217151
2026020361,2026-11-21,2026-11-21T23:00:00Z,BUF,FLA,false,1542.3894,1502.3069,-12.5825,0.402521,0.078559,0.037321,0.037321,0.072830,0.371447,0.481599,0.226032
2026020362,2026-11-21,2026-11-21T23:00:00Z,PIT,NSH,false,1495.4146,1482.5060,14.5915,0.366889,0.075389,0.037296,0.037296,0.075897,0.407232,0.520425,0.225879
2026020363,2026-11-21,2026-11-22T00:00:00Z,WSH,BOS,false,1519.6010,1509.7025,17.6015,0.363021,0.074990,0.037269,0.037269,0.076188,0.411263,0.524720,0.225716
2026020364,2026-11-21,2026-11-22T00:00:00Z,CBJ,TOR,false,1493.8629,1471.5008,5.1378,0.379146,0.076583,0.037349,0.037349,0.074919,0.394653,0.506921,0.226200
2026020365,2026-11-21,2026-11-22T00:00:00Z,PHI,MTL,false,1506.5774,1532.1819,53.1045,0.318792,0.069650,0.036600,0.036600,0.078813,0.459545,0.574958,0.221663
2026020366,2026-11-21,2026-11-22T00:00:00Z,LAK,OTT,false,1483.4393,1523.8346,67.8953,0.301214,0.067130,0.036136,0.036136,0.079452,0.479933,0.595520,0.218853
2026020367,2026-11-21,2026-11-22T00:00:00Z,NYI,DET,false,1497.7819,1491.1622,20.8803,0.358826,0.074545,0.037235,0.037235,0.076493,0.415667,0.529395,0.225507
2026020368,2026-11-21,2026-11-22T00:00:00Z,NJD,STL,false,1499.3772,1500.9569,29.0798,0.348429,0.073386,0.037124,0.037124,0.077201,0.426737,0.541061,0.224834
2026020369,2026-11-21,2026-11-22T00:00:00Z,VGK,WPG,false,1500.3607,1491.7087,18.8481,0.361423,0.074822,0.037257,0.037257,0.076305,0.412936,0.526498,0.225641
2026020370,2026-11-21,2026-11-22T02:00:00Z,ANA,UTA,false,1489.3908,1503.4991,41.6083,0.332814,0.071498,0.036887,0.036887,0.078129,0.443786,0.558802,0.223401
2026020371,2026-11-21,2026-11-22T03:00:00Z,MIN,VAN,false,1522.1862,1429.1356,-65.5506,0.474595,0.082215,0.036267,0.036267,0.064899,0.305756,0.406922,0.219649
2026020372,2026-11-21,2026-11-22T03:00:00Z,SEA,SJS,false,1458.2032,1461.5838,30.8807,0.346164,0.073123,0.037094,0.037094,0.077346,0.429178,0.543618,0.224658
2026020373,2026-11-22,2026-11-22T17:30:00Z,CAR,NYR,false,1557.3969,1473.0095,-56.8874,0.462656,0.081860,0.036536,0.036536,0.066342,0.316069,0.418947,0.221275
2026020374,2026-11-22,2026-11-22T22:00:00Z,BUF,TBL,false,1542.3894,1543.2239,28.3345,0.349369,0.073494,0.037135,0.037135,0.077140,0.425728,0.540002,0.224904
2026020375,2026-11-22,2026-11-23T00:00:00Z,EDM,STL,false,1509.0794,1500.9569,19.3775,0.360746,0.074750,0.037251,0.037251,0.076355,0.413647,0.527253,0.225607
2026020376,2026-11-22,2026-11-23T00:00:00Z,PIT,DAL,false,1495.4146,1545.3332,77.4187,0.290186,0.065433,0.035783,0.035783,0.079717,0.493098,0.608598,0.216716
2026020377,2026-11-22,2026-11-23T01:00:00Z,CHI,VAN,false,1427.1552,1429.1356,29.4805,0.347925,0.073328,0.037117,0.037117,0.077233,0.427280,0.541630,0.224796
2026020378,2026-11-23,2026-11-24T00:00:00Z,CBJ,NJD,false,1493.8629,1499.3772,33.0142,0.343489,0.072808,0.037058,0.037058,0.077513,0.432075,0.546645,0.224436
2026020379,2026-11-23,2026-11-24T00:30:00Z,LAK,MTL,false,1483.4393,1532.1819,76.2426,0.291535,0.065645,0.035829,0.035829,0.079690,0.491472,0.606991,0.216993
2026020380,2026-11-23,2026-11-24T00:30:00Z,CGY,OTT,false,1475.2226,1523.8346,76.1120,0.291685,0.065669,0.035834,0.035834,0.079687,0.491291,0.606812,0.217024
2026020381,2026-11-23,2026-11-24T00:30:00Z,TOR,NYI,false,1471.5008,1497.7819,53.7812,0.317976,0.069538,0.036581,0.036581,0.078848,0.460476,0.575905,0.221548
2026020382,2026-11-23,2026-11-24T00:30:00Z,UTA,WPG,false,1503.4991,1491.7087,15.7096,0.365450,0.075242,0.037287,0.037287,0.076006,0.408728,0.522021,0.225822
2026020383,2026-11-23,2026-11-24T02:40:00Z,ANA,SEA,false,1489.3908,1458.2032,-3.6876,0.390727,0.077611,0.037356,0.037356,0.073919,0.383031,0.494306,0.226243
2026020384,2026-11-23,2026-11-24T03:00:00Z,MIN,SJS,false,1522.1862,1461.5838,-33.1024,0.430129,0.080391,0.037083,0.037083,0.070030,0.345284,0.452397,0.224587
2026020385,2026-11-24,2026-11-25T01:00:00Z,VGK,EDM,false,1500.3607,1509.0794,36.2188,0.339490,0.072327,0.036999,0.036999,0.077753,0.436434,0.551185,0.224077
2026020386,2026-11-25,2026-11-26T00:00:00Z,WPG,BOS,false,1491.7087,1509.7025,45.4938,0.328041,0.070885,0.036797,0.036797,0.078378,0.449101,0.564277,0.222858
2026020387,2026-11-25,2026-11-26T00:00:00Z,NYR,BUF,false,1473.0095,1542.3894,96.8799,0.268393,0.061816,0.034938,0.034938,0.079903,0.520012,0.634853,0.211595
2026020388,2026-11-25,2026-11-26T00:00:00Z,CAR,TBL,false,1557.3969,1543.2239,13.3271,0.368519,0.075554,0.037306,0.037306,0.075772,0.405542,0.518621,0.225938
2026020389,2026-11-25,2026-11-26T00:00:00Z,OTT,FLA,false,1523.8346,1502.3069,5.9722,0.378058,0.076481,0.037346,0.037346,0.075009,0.395758,0.508114,0.226184
2026020390,2026-11-25,2026-11-26T00:00:00Z,STL,NYI,false,1500.9569,1497.7819,24.3250,0.354442,0.074066,0.037192,0.037192,0.076800,0.420308,0.534300,0.225250
2026020391,2026-11-25,2026-11-26T00:00:00Z,CGY,PIT,false,1475.2226,1495.4146,47.6920,0.325356,0.070533,0.036743,0.036743,0.078511,0.452114,0.567368,0.222531
2026020392,2026-11-25,2026-11-26T00:00:00Z,PHI,WSH,false,1506.5774,1519.6010,40.5236,0.334152,0.071667,0.036911,0.036911,0.078056,0.442304,0.557271,0.223544
2026020393,2026-11-25,2026-11-26T00:00:00Z,NJD,CBJ,false,1499.3772,1493.8629,21.9858,0.357416,0.074392,0.037222,0.037222,0.076593,0.417155,0.530970,0.225428
2026020394,2026-11-25,2026-11-26T00:30:00Z,VAN,DET,false,1429.1356,1491.1622,89.5266,0.276508,0.063203,0.035276,0.035276,0.079889,0.509848,0.625013,0.213644
2026020395,2026-11-25,2026-11-26T01:00:00Z,NSH,DAL,false,1482.5060,1545.3332,90.3272,0.275617,0.063054,0.035240,0.035240,0.079894,0.510955,0.626089,0.213428
2026020396,2026-11-25,2026-11-26T01:00:00Z,UTA,MIN,false,1503.4991,1522.1862,46.1871,0.327193,0.070774,0.036780,0.036780,0.078421,0.450051,0.565253,0.222756
2026020397,2026-11-25,2026-11-26T02:30:00Z,MTL,COL,false,1532.1819,1560.9154,56.2335,0.315029,0.069130,0.036511,0.036511,0.078971,0.463849,0.579331,0.221122
2026020399,2026-11-25,2026-11-26T02:40:00Z,CHI,SEA,false,1427.1552,1458.2032,58.5480,0.312260,0.068740,0.036441,0.036441,0.079080,0.467037,0.582558,0.220703
2026020398,2026-11-25,2026-11-26T03:00:00Z,SJS,ANA,false,1461.5838,1489.3908,55.3070,0.316141,0.069284,0.036538,0.036538,0.078926,0.462574,0.578037,0.221285
2026020400,2026-11-27,2026-11-27T18:00:00Z,TOR,BOS,false,1471.5008,1509.7025,65.7018,0.303787,0.067513,0.036211,0.036211,0.079374,0.476903,0.592489,0.219310
2026020401,2026-11-27,2026-11-27T18:00:00Z,CGY,NJD,false,1475.2226,1499.3772,51.6546,0.320543,0.069889,0.036640,0.036640,0.078736,0.457553,0.572928,0.221904
2026020402,2026-11-27,2026-11-27T18:00:00Z,UTA,NSH,false,1503.4991,1482.5060,6.5069,0.377362,0.076416,0.037344,0.037344,0.075067,0.396467,0.508878,0.226172
2026020403,2026-11-27,2026-11-27T19:00:00Z,DAL,STL,false,1545.3332,1500.9569,-16.8763,0.408254,0.078984,0.037290,0.037290,0.072277,0.365906,0.475472,0.225840
2026020404,2026-11-27,2026-11-27T20:00:00Z,OTT,TBL,false,1523.8346,1543.2239,46.8893,0.326335,0.070662,0.036763,0.036763,0.078463,0.451013,0.566240,0.222652
2026020405,2026-11-27,2026-11-27T20:00:00Z,VAN,PHI,false,1429.1356,1506.5774,104.9418,0.259668,0.060271,0.034541,0.034541,0.079841,0.531137,0.645520,0.209195
2026020406,2026-11-27,2026-11-27T20:00:00Z,FLA,WSH,false,1502.3069,1519.6010,44.7942,0.328898,0.070996,0.036814,0.036814,0.078335,0.448143,0.563292,0.222959
2026020407,2026-11-27,2026-11-27T20:00:00Z,DET,CBJ,false,1491.1622,1493.8629,30.2007,0.347018,0.073223,0.037106,0.037106,0.077291,0.428256,0.542653,0.224726
2026020408,2026-11-27,2026-11-27T21:00:00Z,COL,MIN,false,1560.9154,1522.1862,-11.2292,0.400719,0.078421,0.037329,0.037329,0.073001,0.373201,0.483531,0.226081
2026020409,2026-11-27,2026-11-27T21:00:00Z,LAK,ANA,false,1483.4393,1489.3908,33.4515,0.342942,0.072743,0.037050,0.037050,0.077546,0.432669,0.547265,0.224389
2026020410,2026-11-27,2026-11-27T21:00:00Z,VGK,SJS,false,1500.3607,1461.5838,-11.2768,0.400782,0.078426,0.037329,0.037329,0.072995,0.373139,0.483463,0.226079
2026020411,2026-11-27,2026-11-27T22:30:00Z,NYR,CHI,false,1473.0095,1427.1552,-18.3543,0.410233,0.079126,0.037277,0.037277,0.072082,0.364006,0.473364,0.225761
2026020412,2026-11-27,2026-11-28T00:30:00Z,WPG,NYI,false,1491.7087,1497.7819,33.5732,0.342790,0.072725,0.037048,0.037048,0.077555,0.432834,0.547437,0.224376
2026020413,2026-11-27,2026-11-28T01:00:00Z,PIT,BUF,false,1495.4146,1542.3894,74.4749,0.293570,0.065963,0.035897,0.035897,0.079647,0.489027,0.604571,0.217403
2026020414,2026-11-27,2026-11-28T01:00:00Z,SEA,EDM,false,1458.2032,1509.0794,78.3762,0.289090,0.065259,0.035745,0.035745,0.079737,0.494423,0.609906,0.216487
2026020415,2026-11-28,2026-11-28T21:00:00Z,MTL,VGK,false,1532.1819,1500.3607,-4.3213,0.391563,0.077682,0.037355,0.037355,0.073844,0.382201,0.493400,0.226236
2026020416,2026-11-28,2026-11-28T23:00:00Z,TBL,FLA,false,1543.2239,1502.3069,-13.4171,0.403633,0.078644,0.037316,0.037316,0.072724,0.370367,0.480407,0.226000
2026020417,2026-11-28,2026-11-29T00:00:00Z,NSH,DET,false,1482.5060,1491.1622,36.1562,0.339568,0.072336,0.037000,0.037000,0.077748,0.436348,0.551096,0.224084
2026020418,2026-11-28,2026-11-29T00:00:00Z,WPG,NJD,false,1491.7087,1499.3772,35.1684,0.340798,0.072486,0.037019,0.037019,0.077675,0.435004,0.549698,0.224198
2026020419,2026-11-28,2026-11-29T00:00:00Z,CGY,NYR,false,1475.2226,1473.0095,25.2869,0.353222,0.073930,0.037179,0.037179,0.076883,0.421607,0.535669,0.225172
2026020420,2026-11-28,2026-11-29T00:00:00Z,TOR,PIT,false,1471.5008,1495.4146,51.4138,0.320835,0.069928,0.036646,0.036646,0.078723,0.457222,0.572591,0.221943
2026020421,2026-11-28,2026-11-29T00:00:00Z,OTT,CAR,false,1523.8346,1557.3969,61.0622,0.309268,0.068313,0.036363,0.036363,0.079191,0.470502,0.586056,0.220230
2026020422,2026-11-28,2026-11-29T00:00:00Z,WSH,STL,false,1519.6010,1500.9569,8.8559,0.374307,0.076125,0.037334,0.037334,0.075316,0.399585,0.512235,0.226108
2026020423,2026-11-28,2026-11-29T00:30:00Z,NYI,PHI,false,1497.7819,1506.5774,36.2955,0.339394,0.072315,0.036997,0.036997,0.077758,0.436538,0.551293,0.224068
2026020424,2026-11-28,2026-11-29T01:00:00Z,UTA,DAL,false,1503.4991,1545.3332,69.3341,0.299533,0.066877,0.036085,0.036085,0.079499,0.481921,0.597505,0.218547
2026020425,2026-11-28,2026-11-29T02:00:00Z,SJS,COL,false,1461.5838,1560.9154,126.8316,0.236904,0.055979,0.033342,0.033342,0.079271,0.561162,0.673775,0.201935
2026020426,2026-11-28,2026-11-29T02:00:00Z,ANA,LAK,false,1489.3908,1483.4393,21.5485,0.357974,0.074453,0.037227,0.037227,0.076553,0.416566,0.530347,0.225460
2026020427,2026-11-28,2026-11-29T03:00:00Z,EDM,SEA,false,1509.0794,1458.2032,-23.3762,0.416980,0.079586,0.037223,0.037223,0.071405,0.357583,0.466211,0.225438
2026020428,2026-11-29,2026-11-29T19:00:00Z,MIN,CHI,false,1522.1862,1427.1552,-67.5311,0.477329,0.082282,0.036201,0.036201,0.064563,0.303424,0.404188,0.219246
2026020429,2026-11-29,2026-11-29T22:00:00Z,VAN,BOS,false,1429.1356,1509.7025,108.0669,0.256335,0.059666,0.034381,0.034381,0.079796,0.535442,0.649618,0.208223
2026020430,2026-11-30,2026-11-30T18:00:00Z,OTT,NSH,false,1523.8346,1482.5060,-13.8286,0.404182,0.078685,0.037313,0.037313,0.072671,0.369835,0.479820,0.225983
2026020431,2026-11-30,2026-12-01T00:00:00Z,CAR,NYR,false,1557.3969,1473.0095,-56.8874,0.462656,0.081860,0.036536,0.036536,0.066342,0.316069,0.418947,0.221275
2026020432,2026-11-30,2026-12-01T00:00:00Z,CBJ,PIT,false,1493.8629,1495.4146,29.0516,0.348465,0.073390,0.037124,0.037124,0.077198,0.426699,0.541021,0.224837
2026020433,2026-11-30,2026-12-01T00:30:00Z,PHI,TOR,false,1506.5774,1471.5008,-7.5766,0.395869,0.078037,0.037346,0.037346,0.073453,0.377949,0.488748,0.226182
2026020434,2026-11-30,2026-12-01T00:30:00Z,CHI,WPG,false,1427.1552,1491.7087,92.0536,0.273702,0.062729,0.035162,0.035162,0.079902,0.513342,0.628406,0.212955
2026020435,2026-11-30,2026-12-01T02:30:00Z,MTL,UTA,false,1532.1819,1503.4991,-1.1828,0.387427,0.077328,0.037358,0.037358,0.074211,0.386317,0.497886,0.226256
2026020436,2026-12-01,2026-12-02T00:00:00Z,CGY,DET,false,1475.2226,1491.1622,43.4396,0.330560,0.071210,0.036846,0.036846,0.078249,0.446290,0.561384,0.223150
2026020438,2026-12-01,2026-12-02T00:00:00Z,FLA,NYI,false,1502.3069,1497.7819,22.9750,0.356157,0.074255,0.037210,0.037210,0.076681,0.418488,0.532378,0.225355
2026020439,2026-12-01,2026-12-02T00:00:00Z,VAN,WSH,false,1429.1356,1519.6010,117.9654,0.245959,0.057731,0.033849,0.033849,0.079572,0.549041,0.662461,0.205000
2026020437,2026-12-01,2026-12-02T00:30:00Z,SJS,NJD,false,1461.5838,1499.3772,65.2933,0.304267,0.067584,0.036225,0.036225,0.079359,0.476340,0.591924,0.219393
2026020440,2026-12-01,2026-12-02T01:00:00Z,COL,BOS,false,1560.9154,1509.7025,-23.7129,0.417433,0.079616,0.037219,0.037219,0.071359,0.357154,0.465732,0.225413
2026020441,2026-12-01,2026-12-02T01:00:00Z,BUF,EDM,false,1542.3894,1509.0794,-5.8100,0.393530,0.077845,0.037352,0.037352,0.073667,0.380254,0.491273,0.226215
2026020442,2026-12-01,2026-12-02T02:40:00Z,DAL,SEA,false,1545.3332,1458.2032,-59.6301,0.466432,0.081983,0.036455,0.036455,0.065891,0.312784,0.415130,0.220783
2026020443,2026-12-01,2026-12-02T03:00:00Z,MIN,ANA,false,1522.1862,1489.3908,-5.2954,0.392850,0.077789,0.037353,0.037353,0.073728,0.380927,0.492008,0.226223
2026020444,2026-12-01,2026-12-02T03:00:00Z,VGK,LAK,false,1500.3607,1483.4393,10.5786,0.372073,0.075907,0.037324,0.037324,0.075494,0.401877,0.514696,0.226050
2026020445,2026-12-02,2026-12-03T00:30:00Z,TBL,MTL,false,1543.2239,1532.1819,16.4580,0.364488,0.075143,0.037280,0.037280,0.076079,0.409730,0.523089,0.225781
2026020446,2026-12-02,2026-12-03T01:00:00Z,PIT,STL,false,1495.4146,1500.9569,33.0424,0.343454,0.072804,0.037057,0.037057,0.077515,0.432113,0.546685,0.224433
2026020447,2026-12-02,2026-12-03T02:30:00Z,WPG,UTA,false,1491.7087,1503.4991,39.2904,0.335677,0.071857,0.036937,0.036937,0.077972,0.440621,0.555529,0.223702
2026020448,2026-12-03,2026-12-04T00:00:00Z,FLA,TOR,false,1502.3069,1471.5008,-3.3061,0.390224,0.077568,0.037357,0.037357,0.073964,0.383531,0.494851,0.226246
2026020449,2026-12-03,2026-12-04T00:00:00Z,NJD,OTT,false,1499.3772,1523.8346,51.9575,0.320177,0.069839,0.036632,0.036632,0.078752,0.457969,0.573352,0.221854
2026020450,2026-12-03,2026-12-04T00:00:00Z,COL,DET,false,1560.9154,1491.1622,-42.2532,0.442589,0.081042,0.036906,0.036906,0.068663,0.333894,0.439463,0.223516
2026020451,2026-12-03,2026-12-04T00:00:00Z,SJS,NYR,false,1461.5838,1473.0095,38.9257,0.336129,0.071914,0.036944,0.036944,0.077946,0.440123,0.555014,0.223748
2026020453,2026-12-03,2026-12-04T00:00:00Z,CBJ,CAR,false,1493.8629,1557.3969,91.0339,0.274832,0.062921,0.035208,0.035208,0.079897,0.511932,0.627038,0.213235
2026020452,2026-12-03,2026-12-04T00:30:00Z,NYI,PHI,false,1497.7819,1506.5774,36.2955,0.339394,0.072315,0.036997,0.036997,0.077758,0.436538,0.551293,0.224068
2026020454,2026-12-03,2026-12-04T01:00:00Z,CHI,NSH,false,1427.1552,1482.5060,82.8509,0.284001,0.064442,0.035563,0.035563,0.079817,0.500613,0.615994,0.215386
2026020455,2026-12-03,2026-12-04T01:00:00Z,BUF,CGY,false,1542.3894,1475.2226,-39.6668,0.439060,0.080868,0.036960,0.036960,0.069056,0.337095,0.443112,0.223845
2026020456,2026-12-03,2026-12-04T01:00:00Z,WSH,EDM,false,1519.6010,1509.0794,16.9784,0.363820,0.075073,0.037275,0.037275,0.076129,0.410428,0.523831,0.225752
2026020457,2026-12-03,2026-12-04T03:00:00Z,DAL,SEA,false,1545.3332,1458.2032,-59.6301,0.466432,0.081983,0.036455,0.036455,0.065891,0.312784,0.415130,0.220783
2026020458,2026-12-03,2026-12-04T03:00:00Z,UTA,VGK,false,1503.4991,1500.3607,24.3615,0.354395,0.074061,0.037192,0.037192,0.076803,0.420358,0.534352,0.225247
2026020459,2026-12-03,2026-12-04T03:00:00Z,MIN,LAK,false,1522.1862,1483.4393,-11.2469,0.400742,0.078423,0.037329,0.037329,0.072999,0.373178,0.483506,0.226080
2026020460,2026-12-04,2026-12-05T00:00:00Z,SJS,NYI,false,1461.5838,1497.7819,63.6981,0.306147,0.067860,0.036278,0.036278,0.079298,0.474138,0.589714,0.219715
2026020461,2026-12-04,2026-12-05T01:00:00Z,CHI,STL,false,1427.1552,1500.9569,101.3018,0.263585,0.060972,0.034723,0.034723,0.079879,0.526117,0.640720,0.210298
2026020462,2026-12-04,2026-12-05T02:00:00Z,BUF,VAN,false,1542.3894,1429.1356,-85.7538,0.502525,0.082660,0.035506,0.035506,0.061364,0.282440,0.379309,0.215035
2026020463,2026-12-04,2026-12-05T03:00:00Z,SEA,ANA,false,1458.2032,1489.3908,58.6876,0.312094,0.068716,0.036437,0.036437,0.079086,0.467229,0.582753,0.220677
2026020464,2026-12-05,2026-12-05T18:00:00Z,DET,BOS,false,1491.1622,1509.7025,46.0403,0.327372,0.070798,0.036784,0.036784,0.078412,0.449850,0.565046,0.222778
2026020465,2026-12-05,2026-12-05T18:00:00Z,FLA,MTL,false,1502.3069,1532.1819,57.3750,0.313662,0.068938,0.036477,0.036477,0.079026,0.465421,0.580924,0.220917
2026020466,2026-12-05,2026-12-05T19:00:00Z,CBJ,NSH,false,1493.8629,1482.5060,16.1431,0.364893,0.075185,0.037283,0.037283,0.076048,0.409309,0.522640,0.225799
2026020467,2026-12-05,2026-12-05T20:00:00Z,NJD,PIT,false,1499.3772,1495.4146,23.5374,0.355442,0.074176,0.037202,0.037202,0.076731,0.419246,0.533179,0.225312
2026020468,2026-12-05,2026-12-05T20:30:00Z,WSH,CGY,false,1519.6010,1475.2226,-16.8784,0.408257,0.078984,0.037290,0.037290,0.072276,0.365903,0.475469,0.225840
2026020469,2026-12-05,2026-12-06T00:00:00Z,TBL,OTT,false,1543.2239,1523.8346,8.1107,0.375275,0.076218,0.037338,0.037338,0.075237,0.398595,0.511170,0.226130
2026020470,2026-12-05,2026-12-06T00:00:00Z,COL,NYR,false,1560.9154,1473.0095,-60.4059,0.467501,0.082016,0.036431,0.036431,0.065762,0.311858,0.414052,0.220640
2026020471,2026-12-05,2026-12-06T00:00:00Z,TOR,CAR,false,1471.5008,1557.3969,113.3961,0.250714,0.058628,0.034099,0.034099,0.079690,0.542771,0.656560,0.206515
2026020472,2026-12-05,2026-12-06T00:00:00Z,WPG,VGK,false,1491.7087,1500.3607,36.1519,0.339573,0.072337,0.037000,0.037000,0.077748,0.436343,0.551090,0.224085
2026020473,2026-12-05,2026-12-06T01:00:00Z,PHI,MIN,false,1506.5774,1522.1862,43.1088,0.330966,0.071263,0.036853,0.036853,0.078228,0.445837,0.560918,0.223196
2026020474,2026-12-05,2026-12-06T03:00:00Z,UTA,LAK,false,1503.4991,1483.4393,7.4402,0.376147,0.076301,0.037341,0.037341,0.075166,0.397705,0.510212,0.226148
2026020475,2026-12-05,2026-12-06T03:00:00Z,DAL,VAN,false,1545.3332,1429.1356,-88.6976,0.506598,0.082680,0.035379,0.035379,0.060832,0.279132,0.375343,0.214271
2026020476,2026-12-06,2026-12-06T20:00:00Z,SJS,PIT,false,1461.5838,1495.4146,61.3307,0.308949,0.068267,0.036355,0.036355,0.079202,0.470872,0.586429,0.220178
2026020477,2026-12-06,2026-12-06T22:00:00Z,NSH,STL,false,1482.5060,1500.9569,45.9509,0.327481,0.070812,0.036786,0.036786,0.078407,0.449728,0.564920,0.222791
2026020478,2026-12-06,2026-12-07T00:00:00Z,OTT,MTL,false,1523.8346,1532.1819,35.8473,0.339952,0.072383,0.037006,0.037006,0.077726,0.435928,0.550659,0.224120
2026020479,2026-12-06,2026-12-07T00:00:00Z,EDM,CHI,false,1509.0794,1427.1552,-54.4242,0.459269,0.081742,0.036606,0.036606,0.066744,0.319034,0.422384,0.221697
2026020480,2026-12-06,2026-12-07T01:00:00Z,WPG,ANA,false,1491.7087,1489.3908,25.1821,0.353355,0.073945,0.037181,0.037181,0.076874,0.421465,0.535520,0.225180
2026020481,2026-12-06,2026-12-07T01:00:00Z,BUF,SEA,false,1542.3894,1458.2032,-56.6863,0.462380,0.081851,0.036542,0.036542,0.066375,0.316311,0.419228,0.221310
2026020482,2026-12-07,2026-12-07T18:00:00Z,COL,NYI,false,1560.9154,1497.7819,-35.6335,0.433568,0.080582,0.037038,0.037038,0.069659,0.342116,0.448813,0.224317
2026020483,2026-12-07,2026-12-08T00:00:00Z,CBJ,TBL,false,1493.8629,1543.2239,76.8610,0.290825,0.065533,0.035805,0.035805,0.079705,0.492327,0.607836,0.216848
2026020484,2026-12-07,2026-12-08T00:00:00Z,NJD,NYR,false,1499.3772,1473.0095,1.1323,0.384387,0.077060,0.037357,0.037357,0.074476,0.389363,0.501196,0.226251
2026020485,2026-12-07,2026-12-08T02:00:00Z,WSH,VAN,false,1519.6010,1429.1356,-62.9654,0.471029,0.082119,0.036351,0.036351,0.065335,0.308814,0.410500,0.220157
2026020486,2026-12-08,2026-12-09T00:00:00Z,VGK,MTL,false,1500.3607,1532.1819,59.3213,0.311338,0.068609,0.036418,0.036418,0.079115,0.468102,0.583635,0.220559
2026020487,2026-12-08,2026-12-09T00:00:00Z,ANA,OTT,false,1489.3908,1523.8346,61.9438,0.308222,0.068162,0.036335,0.036335,0.079228,0.471718,0.587281,0.220060
2026020488,2026-12-08,2026-12-09T00:00:00Z,BOS,FLA,false,1509.7025,1502.3069,20.1044,0.359817,0.074651,0.037243,0.037243,0.076422,0.414624,0.528289,0.225560
2026020490,2026-12-08,2026-12-09T00:00:00Z,NYR,CAR,false,1473.0095,1557.3969,111.8874,0.252297,0.058922,0.034180,0.034180,0.079723,0.540698,0.654601,0.207005
2026020492,2026-12-08,2026-12-09T00:00:00Z,PHI,WPG,false,1506.5774,1491.7087,12.6313,0.369417,0.075644,0.037311,0.037311,0.075703,0.404614,0.517627,0.225969
2026020489,2026-12-08,2026-12-09T00:30:00Z,CHI,PIT,false,1427.1552,1495.4146,95.7594,0.269620,0.062029,0.034991,0.034991,0.079906,0.518464,0.633360,0.211916
2026020491,2026-12-08,2026-12-09T01:00:00Z,COL,STL,false,1560.9154,1500.9569,-32.4585,0.429255,0.080342,0.037094,0.037094,0.070124,0.346092,0.453310,0.224652
2026020493,2026-12-08,2026-12-09T01:00:00Z,NSH,CGY,false,1482.5060,1475.2226,20.2166,0.359673,0.074636,0.037242,0.037242,0.076432,0.414775,0.528449,0.225552
2026020494,2026-12-08,2026-12-09T01:00:00Z,EDM,MIN,false,1509.0794,1522.1862,40.6068,0.334049,0.071654,0.036909,0.036909,0.078062,0.442418,0.557388,0.223533
2026020495,2026-12-08,2026-12-09T03:00:00Z,SEA,SJS,false,1458.2032,1461.5838,30.8807,0.346164,0.073123,0.037094,0.037094,0.077346,0.429178,0.543618,0.224658
2026020496,2026-12-09,2026-12-10T00:00:00Z,DET,NJD,false,1491.1622,1499.3772,35.7149,0.340117,0.072403,0.037008,0.037008,0.077716,0.435748,0.550472,0.224135
2026020497,2026-12-09,2026-12-10T00:30:00Z,TOR,DAL,false,1471.5008,1545.3332,101.3325,0.263552,0.060966,0.034722,0.034722,0.079879,0.526160,0.640760,0.210288
2026020498,2026-12-09,2026-12-10T02:30:00Z,SJS,LAK,false,1461.5838,1483.4393,49.3555,0.323331,0.070264,0.036701,0.036701,0.078608,0.454396,0.569704,0.222273
2026020499,2026-12-10,2026-12-11T00:00:00Z,EDM,BUF,false,1509.0794,1542.3894,60.8100,0.309567,0.068356,0.036371,0.036371,0.079180,0.470154,0.585706,0.220278
2026020500,2026-12-10,2026-12-11T00:00:00Z,ANA,MTL,false,1489.3908,1532.1819,70.2911,0.298418,0.066708,0.036051,0.036051,0.079529,0.483243,0.598823,0.218339
2026020501,2026-12-10,2026-12-11T00:00:00Z,VGK,OTT,false,1500.3607,1523.8346,50.9740,0.321367,0.070000,0.036658,0.036658,0.078699,0.456618,0.571975,0.222015
2026020502,2026-12-10,2026-12-11T00:00:00Z,BOS,TBL,false,1509.7025,1543.2239,61.0214,0.309316,0.068320,0.036365,0.036365,0.079189,0.470446,0.585999,0.220238
2026020503,2026-12-10,2026-12-11T00:00:00Z,PIT,FLA,false,1495.4146,1502.3069,34.3923,0.341767,0.072602,0.037033,0.037033,0.077617,0.433948,0.548598,0.224286
2026020504,2026-12-10,2026-12-11T00:00:00Z,CGY,NYI,false,1475.2226,1497.7819,50.0593,0.322476,0.070149,0.036682,0.036682,0.078648,0.455362,0.570692,0.222162
2026020505,2026-12-10,2026-12-11T00:00:00Z,MIN,CBJ,false,1522.1862,1493.8629,-0.8233,0.386954,0.077287,0.037358,0.037358,0.074253,0.386789,0.498400,0.226256
2026020506,2026-12-10,2026-12-11T00:00:00Z,CHI,WPG,false,1427.1552,1491.7087,92.0536,0.273702,0.062729,0.035162,0.035162,0.079902,0.513342,0.628406,0.212955
2026020507,2026-12-10,2026-12-11T02:00:00Z,STL,UTA,false,1500.9569,1503.4991,30.0422,0.347218,0.073246,0.037108,0.037108,0.077279,0.428041,0.542428,0.224741
2026020508,2026-12-10,2026-12-11T02:00:00Z,NSH,VAN,false,1482.5060,1429.1356,-25.8704,0.420341,0.079804,0.037192,0.037192,0.071061,0.354411,0.462663,0.225248
2026020509,2026-12-10,2026-12-11T02:30:00Z,WSH,SEA,false,1519.6010,1458.2032,-33.8979,0.431209,0.080452,0.037069,0.037069,0.069914,0.344287,0.451270,0.224504
2026020510,2026-12-11,2026-12-12T00:00:00Z,NYR,DET,false,1473.0095,1491.1622,45.6527,0.327846,0.070860,0.036793,0.036793,0.078388,0.449319,0.564501,0.222835
2026020511,2026-12-11,2026-12-12T00:00:00Z,CGY,PHI,false,1475.2226,1506.5774,58.8548,0.311895,0.068688,0.036432,0.036432,0.079094,0.467459,0.582985,0.220646
2026020512,2026-12-11,2026-12-12T00:00:00Z,NYI,CAR,false,1497.7819,1557.3969,87.1150,0.279201,0.063653,0.035382,0.035382,0.079870,0.506512,0.621764,0.214287
2026020513,2026-12-11,2026-12-12T03:00:00Z,LAK,SJS,false,1483.4393,1461.5838,5.6445,0.378485,0.076521,0.037348,0.037348,0.074974,0.395324,0.507646,0.226190
2026020514,2026-12-12,2026-12-12T18:00:00Z,NJD,BOS,false,1499.3772,1509.7025,37.8253,0.337493,0.072082,0.036967,0.036967,0.077869,0.438623,0.553458,0.223884
2026020515,2026-12-12,2026-12-12T18:00:00Z,MTL,CBJ,false,1532.1819,1493.8629,-10.8190,0.400173,0.078378,0.037332,0.037332,0.073052,0.373733,0.484117,0.226094
2026020516,2026-12-12,2026-12-12T20:30:00Z,PIT,TBL,false,1495.4146,1543.2239,75.3094,0.292608,0.065813,0.035865,0.035865,0.079668,0.490181,0.605714,0.217211
2026020517,2026-12-12,2026-12-12T20:30:00Z,WPG,MIN,false,1491.7087,1522.1862,57.9775,0.312942,0.068836,0.036459,0.036459,0.079054,0.466251,0.581763,0.220808
2026020518,2026-12-12,2026-12-13T00:00:00Z,ANA,BUF,false,1489.3908,1542.3894,80.4986,0.286670,0.064873,0.035660,0.035660,0.079778,0.497359,0.612798,0.215971
2026020519,2026-12-12,2026-12-13T00:00:00Z,VGK,TOR,false,1500.3607,1471.5008,-1.3599,0.387660,0.077348,0.037358,0.037358,0.074191,0.386084,0.497633,0.226256
2026020520,2026-12-12,2026-12-13T00:00:00Z,EDM,OTT,false,1509.0794,1523.8346,42.2552,0.332017,0.071397,0.036872,0.036872,0.078172,0.444670,0.559714,0.223313
2026020521,2026-12-12,2026-12-13T00:00:00Z,FLA,DET,false,1502.3069,1491.1622,16.3554,0.364620,0.075156,0.037281,0.037281,0.076069,0.409593,0.522943,0.225787
2026020522,2026-12-12,2026-12-13T00:00:00Z,UTA,CHI,false,1503.4991,1427.1552,-48.8440,0.451608,0.081444,0.036752,0.036752,0.067637,0.325805,0.430195,0.222587
2026020523,2026-12-12,2026-12-13T01:00:00Z,STL,DAL,false,1500.9569,1545.3332,71.8763,0.296576,0.066427,0.035994,0.035994,0.079577,0.485434,0.601004,0.217990
2026020524,2026-12-12,2026-12-13T02:00:00Z,WSH,COL,false,1519.6010,1560.9154,68.8144,0.300140,0.066968,0.036104,0.036104,0.079482,0.481202,0.596788,0.218658
2026020525,2026-12-12,2026-12-13T03:00:00Z,VAN,LAK,false,1429.1356,1483.4393,81.8037,0.285187,0.064634,0.035607,0.035607,0.079801,0.499165,0.614572,0.215648
2026020526,2026-12-12,2026-12-13T03:00:00Z,NSH,SEA,false,1482.5060,1458.2032,3.1971,0.381682,0.076816,0.037354,0.037354,0.074706,0.392087,0.504147,0.226231
2026020527,2026-12-13,2026-12-13T18:00:00Z,BOS,CAR,false,1509.7025,1557.3969,75.1944,0.292741,0.065834,0.035869,0.035869,0.079665,0.490022,0.605556,0.217237
2026020528,2026-12-13,2026-12-13T23:00:00Z,CBJ,NYR,false,1493.8629,1473.0095,6.6466,0.377180,0.076399,0.037344,0.037344,0.075082,0.396652,0.509078,0.226168
2026020529,2026-12-13,2026-12-14T00:00:00Z,ANA,TOR,false,1489.3908,1471.5008,9.6100,0.373328,0.076030,0.037330,0.037330,0.075394,0.400588,0.513312,0.226084
2026020530,2026-12-13,2026-12-14T01:00:00Z,TBL,STL,false,1543.2239,1500.9569,-14.7670,0.405434,0.078778,0.037306,0.037306,0.072551,0.368624,0.478481,0.225942
2026020531,2026-12-14,2026-12-14T19:00:00Z,BUF,OTT,false,1542.3894,1523.8346,8.9452,0.374191,0.076113,0.037333,0.037333,0.075325,0.399704,0.512362,0.226105
2026020532,2026-12-14,2026-12-15T00:00:00Z,FLA,PHI,false,1502.3069,1506.5774,31.7705,0.345047,0.072992,0.037079,0.037079,0.077416,0.430386,0.544881,0.224567
2026020533,2026-12-14,2026-12-15T00:30:00Z,EDM,MTL,false,1509.0794,1532.1819,50.6025,0.321817,0.070061,0.036668,0.036668,0.078678,0.456108,0.571454,0.222075
2026020534,2026-12-14,2026-12-15T02:00:00Z,UTA,COL,false,1503.4991,1560.9154,84.9163,0.281670,0.064061,0.035477,0.035477,0.079845,0.503471,0.618793,0.214859
2026020535,2026-12-14,2026-12-15T03:00:00Z,VAN,SJS,false,1429.1356,1461.5838,59.9482,0.310592,0.068503,0.036398,0.036398,0.079143,0.468966,0.584507,0.220442
2026020536,2026-12-15,2026-12-16T00:00:00Z,FLA,BOS,false,1502.3069,1509.7025,34.8956,0.341138,0.072527,0.037024,0.037024,0.077655,0.434633,0.549311,0.224229
2026020537,2026-12-15,2026-12-16T00:00:00Z,CGY,BUF,false,1475.2226,1542.3894,94.6668,0.270820,0.062236,0.035042,0.035042,0.079906,0.516954,0.631902,0.212226
2026020539,2026-12-15,2026-12-16T00:00:00Z,NYR,NJD,false,1473.0095,1499.3772,53.8677,0.317872,0.069524,0.036579,0.036579,0.078853,0.460595,0.576026,0.221534
2026020540,2026-12-15,2026-12-16T00:00:00Z,TBL,PIT,false,1543.2239,1495.4146,-20.3094,0.412856,0.079308,0.037257,0.037257,0.071821,0.361500,0.470578,0.225644
2026020541,2026-12-15,2026-12-16T00:00:00Z,CAR,CBJ,false,1557.3969,1493.8629,-36.0339,0.434112,0.080611,0.037031,0.037031,0.069600,0.341616,0.448246,0.224272
2026020538,2026-12-15,2026-12-16T00:30:00Z,LAK,DET,false,1483.4393,1491.1622,35.2229,0.340730,0.072477,0.037018,0.037018,0.077679,0.435078,0.549775,0.224192
2026020542,2026-12-15,2026-12-16T01:00:00Z,WPG,STL,false,1491.7087,1500.9569,36.7482,0.338831,0.072247,0.036988,0.036988,0.077791,0.437155,0.551934,0.224014
2026020543,2026-12-15,2026-12-16T01:00:00Z,SEA,NSH,false,1458.2032,1482.5060,51.8029,0.320364,0.069864,0.036636,0.036636,0.078744,0.457756,0.573136,0.221880
2026020544,2026-12-15,2026-12-16T01:00:00Z,TOR,MIN,false,1471.5008,1522.1862,78.1855,0.289308,0.065294,0.035753,0.035753,0.079733,0.494159,0.609645,0.216533
2026020545,2026-12-15,2026-12-16T02:00:00Z,NYI,UTA,false,1497.7819,1503.4991,33.2172,0.343235,0.072778,0.037054,0.037054,0.077528,0.432350,0.546933,0.224414
2026020546,2026-12-15,2026-12-16T02:30:00Z,WSH,DAL,false,1519.6010,1545.3332,53.2322,0.318638,0.069629,0.036596,0.036596,0.078820,0.459721,0.575137,0.221641
2026020547,2026-12-16,2026-12-17T00:30:00Z,NYR,PHI,false,1473.0095,1506.5774,61.0679,0.309261,0.068312,0.036363,0.036363,0.079191,0.470510,0.586064,0.220229
2026020548,2026-12-16,2026-12-17T02:00:00Z,NYI,COL,false,1497.7819,1560.9154,90.6335,0.275277,0.062996,0.035226,0.035226,0.079896,0.511379,0.626501,0.213345
2026020549,2026-12-16,2026-12-17T02:00:00Z,VAN,ANA,false,1429.1356,1489.3908,87.7552,0.278484,0.063534,0.035354,0.035354,0.079875,0.507398,0.622628,0.214118
2026020550,2026-12-16,2026-12-17T03:00:00Z,SJS,VGK,false,1461.5838,1500.3607,66.2768,0.303111,0.067413,0.036192,0.036192,0.079395,0.477697,0.593284,0.219191
2026020551,2026-12-17,2026-12-18T00:00:00Z,STL,BOS,false,1500.9569,1509.7025,36.2456,0.339456,0.072323,0.036998,0.036998,0.077755,0.436470,0.551223,0.224074
2026020552,2026-12-17,2026-12-18T00:00:00Z,CGY,TBL,false,1475.2226,1543.2239,95.5013,0.269903,0.062078,0.035003,0.035003,0.079906,0.518108,0.633016,0.211989
2026020554,2026-12-17,2026-12-18T00:00:00Z,LAK,PIT,false,1483.4393,1495.4146,39.4753,0.335448,0.071829,0.036933,0.036933,0.077984,0.440873,0.555790,0.223679
2026020555,2026-12-17,2026-12-18T00:00:00Z,DET,WSH,false,1491.1622,1519.6010,55.9388,0.315382,0.069179,0.036519,0.036519,0.078957,0.463444,0.578920,0.221174
2026020556,2026-12-17,2026-12-18T00:00:00Z,SEA,CBJ,false,1458.2032,1493.8629,63.1598,0.306783,0.067953,0.036296,0.036296,0.079277,0.473395,0.588968,0.219822
2026020553,2026-12-17,2026-12-18T00:30:00Z,TOR,NJD,false,1471.5008,1499.3772,55.3764,0.316057,0.069273,0.036536,0.036536,0.078929,0.462670,0.578134,0.221273
2026020557,2026-12-17,2026-12-18T01:00:00Z,DAL,EDM,false,1545.3332,1509.0794,-8.7538,0.397430,0.078162,0.037341,0.037341,0.073309,0.376416,0.487067,0.226154
2026020558,2026-12-17,2026-12-18T02:00:00Z,CAR,UTA,false,1557.3969,1503.4991,-26.3978,0.421053,0.079849,0.037185,0.037185,0.070987,0.353741,0.461913,0.225205
2026020560,2026-12-18,2026-12-18T18:00:00Z,CHI,OTT,true,1427.1552,1523.8346,96.6795,0.268612,0.061854,0.034947,0.034947,0.079904,0.519735,0.634586,0.211652
2026020561,2026-12-18,2026-12-19T00:00:00Z,NSH,NYR,false,1482.5060,1473.0095,18.0035,0.362505,0.074936,0.037265,0.037265,0.076226,0.411802,0.525294,0.225693
2026020562,2026-12-18,2026-12-19T00:00:00Z,DET,PHI,false,1491.1622,1506.5774,42.9152,0.331204,0.071293,0.036858,0.036858,0.078215,0.445572,0.560645,0.223223
2026020563,2026-12-18,2026-12-19T00:00:00Z,SEA,PIT,false,1458.2032,1495.4146,64.7114,0.304952,0.067685,0.036245,0.036245,0.079337,0.475536,0.591118,0.219511
2026020559,2026-12-18,2026-12-19T00:30:00Z,MTL,BUF,false,1532.1819,1542.3894,37.7075,0.337639,0.072100,0.036969,0.036969,0.077860,0.438462,0.553291,0.223899
2026020564,2026-12-18,2026-12-19T01:00:00Z,ANA,MIN,false,1489.3908,1522.1862,60.2954,0.310179,0.068443,0.036387,0.036387,0.079158,0.469445,0.584990,0.220376
2026020565,2026-12-18,2026-12-19T02:00:00Z,CAR,COL,false,1557.3969,1560.9154,31.0185,0.345991,0.073103,0.037092,0.037092,0.077357,0.429365,0.543814,0.224644
2026020566,2026-12-18,2026-12-19T03:00:00Z,NYI,VGK,false,1497.7819,1500.3607,30.0787,0.347172,0.073241,0.037108,0.037108,0.077282,0.428091,0.542480,0.224738
2026020567,2026-12-19,2026-12-19T17:00:00Z,BOS,NJD,false,1509.7025,1499.3772,17.1747,0.363568,0.075047,0.037273,0.037273,0.076147,0.410691,0.524111,0.225741
2026020568,2026-12-19,2026-12-19T18:00:00Z,CGY,FLA,false,1475.2226,1502.3069,54.5843,0.317009,0.069405,0.036558,0.036558,0.078889,0.461580,0.577028,0.221411
2026020569,2026-12-19,2026-12-19T20:30:00Z,UTA,EDM,false,1503.4991,1509.0794,33.0803,0.343406,0.072798,0.037057,0.037057,0.077518,0.432164,0.546739,0.224429
2026020570,2026-12-19,2026-12-20T00:00:00Z,TBL,TOR,false,1543.2239,1471.5008,-44.2232,0.445281,0.081168,0.036862,0.036862,0.068360,0.331466,0.436688,0.223252
2026020571,2026-12-19,2026-12-20T00:00:00Z,STL,WSH,false,1500.9569,1519.6010,46.1441,0.327245,0.070781,0.036782,0.036782,0.078418,0.449992,0.565192,0.222763
2026020572,2026-12-19,2026-12-20T00:00:00Z,LAK,CBJ,false,1483.4393,1493.8629,37.9236,0.337371,0.072067,0.036965,0.036965,0.077876,0.438757,0.553597,0.223872
2026020573,2026-12-19,2026-12-20T00:00:00Z,MTL,MIN,false,1532.1819,1522.1862,17.5043,0.363145,0.075003,0.037270,0.037270,0.076179,0.411133,0.524582,0.225722
2026020574,2026-12-19,2026-12-20T00:00:00Z,DAL,WPG,false,1545.3332,1491.7087,-26.1245,0.420684,0.079825,0.037189,0.037189,0.071025,0.354088,0.462302,0.225228
2026020575,2026-12-19,2026-12-20T03:00:00Z,SJS,VAN,false,1461.5838,1429.1356,-4.9482,0.392391,0.077751,0.037354,0.037354,0.073770,0.381381,0.492504,0.226228
2026020577,2026-12-20,2026-12-20T13:00:00Z,OTT,CHI,true,1523.8346,1427.1552,-96.6795,0.517634,0.082678,0.035019,0.035019,0.059371,0.270279,0.364669,0.212087
2026020576,2026-12-20,2026-12-20T18:00:00Z,PHI,BOS,false,1506.5774,1509.7025,30.6251,0.346485,0.073161,0.037099,0.037099,0.077325,0.428831,0.543256,0.224684
2026020578,2026-12-20,2026-12-20T22:00:00Z,TBL,DET,false,1543.2239,1491.1622,-24.5617,0.418576,0.079690,0.037209,0.037209,0.071242,0.356073,0.464524,0.225350
2026020580,2026-12-20,2026-12-20T22:00:00Z,DAL,WPG,false,1545.3332,1491.7087,-26.1245,0.420684,0.079825,0.037189,0.037189,0.071025,0.354088,0.462302,0.225228
2026020579,2026-12-20,2026-12-20T23:00:00Z,LAK,BUF,false,1483.4393,1542.3894,86.4501,0.279946,0.063777,0.035411,0.035411,0.079863,0.505593,0.620866,0.214461
2026020581,2026-12-20,2026-12-21T00:00:00Z,NSH,NJD,false,1482.5060,1499.3772,44.3711,0.329416,0.071063,0.036824,0.036824,0.078308,0.447564,0.562697,0.223019
2026020582,2026-12-20,2026-12-21T00:00:00Z,NYR,NYI,false,1473.0095,1497.7819,52.2724,0.319796,0.069787,0.036623,0.036623,0.078769,0.458402,0.573794,0.221802
2026020583,2026-12-20,2026-12-21T00:00:00Z,ANA,EDM,false,1489.3908,1509.0794,47.1886,0.325969,0.070614,0.036756,0.036756,0.078481,0.451424,0.566661,0.222607
2026020584,2026-12-20,2026-12-21T01:00:00Z,SEA,COL,false,1458.2032,1560.9154,130.2123,0.233511,0.055307,0.033143,0.033143,0.079131,0.565766,0.678039,0.200724
2026020585,2026-12-21,2026-12-21T19:00:00Z,WSH,TOR,false,1519.6010,1471.5008,-20.6003,0.413247,0.079335,0.037254,0.037254,0.071782,0.361127,0.470164,0.225626
2026020586,2026-12-21,2026-12-22T00:00:00Z,STL,FLA,false,1500.9569,1502.3069,28.8499,0.348719,0.073420,0.037127,0.037127,0.077182,0.426425,0.540735,0.224856
2026020587,2026-12-21,2026-12-22T00:00:00Z,CBJ,PHI,false,1493.8629,1506.5774,40.2144,0.334534,0.071715,0.036917,0.036917,0.078035,0.441882,0.556834,0.223584
2026020588,2026-12-21,2026-12-22T02:00:00Z,UTA,VAN,false,1503.4991,1429.1356,-46.8635,0.448895,0.081329,0.036801,0.036801,0.067949,0.328226,0.432975,0.222880
2026020589,2026-12-21,2026-12-22T03:00:00Z,CAR,VGK,false,1557.3969,1500.3607,-29.5362,0.425296,0.080110,0.037140,0.037140,0.070544,0.349771,0.457455,0.224933
2026020590,2026-12-22,2026-12-23T00:00:00Z,STL,TBL,false,1500.9569,1543.2239,69.7670,0.299028,0.066800,0.036070,0.036070,0.079513,0.482519,0.598101,0.218453
2026020591,2026-12-22,2026-12-23T00:00:00Z,BOS,NYI,false,1509.7025,1497.7819,15.5794,0.365618,0.075259,0.037288,0.037288,0.075994,0.408554,0.521835,0.225829
2026020592,2026-12-22,2026-12-23T00:00:00Z,NJD,NYR,false,1499.3772,1473.0095,1.1323,0.384387,0.077060,0.037357,0.037357,0.074476,0.389363,0.501196,0.226251
2026020593,2026-12-22,2026-12-23T00:00:00Z,BUF,PIT,false,1542.3894,1495.4146,-19.4749,0.411736,0.079231,0.037266,0.037266,0.071933,0.362569,0.471767,0.225696
2026020594,2026-12-22,2026-12-23T00:00:00Z,MTL,CBJ,false,1532.1819,1493.8629,-10.8190,0.400173,0.078378,0.037332,0.037332,0.073052,0.373733,0.484117,0.226094
2026020595,2026-12-22,2026-12-23T00:00:00Z,TOR,DET,false,1471.5008,1491.1622,47.1615,0.326003,0.070618,0.036756,0.036756,0.078480,0.451387,0.566623,0.222611
2026020596,2026-12-22,2026-12-23T01:00:00Z,WPG,NSH,false,1491.7087,1482.5060,18.2973,0.362129,0.074896,0.037262,0.037262,0.076254,0.412197,0.525713,0.225675
2026020597,2026-12-22,2026-12-23T01:00:00Z,CGY,DAL,false,1475.2226,1545.3332,97.6106,0.267595,0.061677,0.034903,0.034903,0.079901,0.521021,0.635825,0.211384
2026020598,2026-12-22,2026-12-23T01:00:00Z,LAK,MIN,false,1483.4393,1522.1862,66.2469,0.303146,0.067418,0.036193,0.036193,0.079394,0.477656,0.593243,0.219198
2026020600,2026-12-22,2026-12-23T02:30:00Z,VGK,ANA,false,1500.3607,1489.3908,16.5302,0.364395,0.075133,0.037279,0.037279,0.076086,0.409827,0.523192,0.225777
2026020599,2026-12-22,2026-12-23T02:40:00Z,SJS,SEA,false,1461.5838,1458.2032,24.1193,0.354703,0.074095,0.037195,0.037195,0.076782,0.420031,0.534007,0.225266
2026020601,2026-12-26,2026-12-26T23:00:00Z,TBL,FLA,false,1543.2239,1502.3069,-13.4171,0.403633,0.078644,0.037316,0.037316,0.072724,0.370367,0.480407,0.226000
2026020602,2026-12-26,2026-12-27T00:00:00Z,NYI,BOS,false,1497.7819,1509.7025,39.4206,0.335516,0.071837,0.036934,0.036934,0.077981,0.440798,0.555713,0.223686
2026020603,2026-12-26,2026-12-27T00:00:00Z,NJD,BUF,false,1499.3772,1542.3894,70.5123,0.298160,0.066669,0.036043,0.036043,0.079536,0.483549,0.599128,0.218291
2026020604,2026-12-26,2026-12-27T00:00:00Z,TOR,MTL,false,1471.5008,1532.1819,88.1812,0.278008,0.063455,0.035335,0.035335,0.079879,0.507987,0.623202,0.214005
2026020606,2026-12-26,2026-12-27T00:00:00Z,PIT,CAR,false,1495.4146,1557.3969,89.4823,0.276557,0.063212,0.035278,0.035278,0.079889,0.509787,0.624953,0.213656
2026020607,2026-12-26,2026-12-27T00:00:00Z,DET,NSH,false,1491.1622,1482.5060,18.8438,0.361429,0.074823,0.037257,0.037257,0.076305,0.412930,0.526492,0.225641
2026020608,2026-12-26,2026-12-27T00:00:00Z,WPG,MIN,false,1491.7087,1522.1862,57.9775,0.312942,0.068836,0.036459,0.036459,0.079054,0.466251,0.581763,0.220808
2026020605,2026-12-26,2026-12-27T01:00:00Z,CBJ,WSH,false,1493.8629,1519.6010,53.2381,0.318631,0.069628,0.036596,0.036596,0.078820,0.459729,0.575145,0.221640
2026020609,2026-12-26,2026-12-27T03:00:00Z,VAN,CGY,false,1429.1356,1475.2226,73.5870,0.294595,0.066122,0.035930,0.035930,0.079624,0.487799,0.603353,0.217606
2026020610,2026-12-26,2026-12-27T03:00:00Z,UTA,LAK,false,1503.4991,1483.4393,7.4402,0.376147,0.076301,0.037341,0.037341,0.075166,0.397705,0.510212,0.226148
2026020611,2026-12-26,2026-12-27T03:00:00Z,VGK,SJS,false,1500.3607,1461.5838,-11.2768,0.400782,0.078426,0.037329,0.037329,0.072995,0.373139,0.483463,0.226079
2026020612,2026-12-27,2026-12-27T20:00:00Z,PHI,CHI,false,1506.5774,1427.1552,-51.9222,0.455831,0.081613,0.036673,0.036673,0.067147,0.322061,0.425882,0.222107
2026020614,2026-12-27,2026-12-27T22:00:00Z,NYR,STL,false,1473.0095,1500.9569,55.4474,0.315972,0.069261,0.036533,0.036533,0.078933,0.462768,0.578234,0.221260
2026020613,2026-12-27,2026-12-27T23:00:00Z,EDM,CBJ,false,1509.0794,1493.8629,12.2835,0.369867,0.075689,0.037313,0.037313,0.075668,0.404150,0.517131,0.225984
2026020615,2026-12-27,2026-12-28T00:00:00Z,DAL,MTL,false,1545.3332,1532.1819,14.3487,0.367202,0.075421,0.037298,0.037298,0.075873,0.406908,0.520079,0.225891
2026020616,2026-12-27,2026-12-28T00:00:00Z,BOS,NJD,false,1509.7025,1499.3772,17.1747,0.363568,0.075047,0.037273,0.037273,0.076147,0.410691,0.524111,0.225741
2026020617,2026-12-27,2026-12-28T00:00:00Z,OTT,NYI,false,1523.8346,1497.7819,1.4473,0.383974,0.077023,0.037357,0.037357,0.074511,0.389778,0.501646,0.226248
2026020618,2026-12-27,2026-12-28T01:00:00Z,COL,ANA,false,1560.9154,1489.3908,-44.0246,0.445010,0.081155,0.036867,0.036867,0.068390,0.331711,0.436968,0.223280
2026020619,2026-12-28,2026-12-28T19:00:00Z,VGK,MIN,false,1500.3607,1522.1862,49.3256,0.323367,0.070269,0.036702,0.036702,0.078606,0.454355,0.569662,0.222278
2026020620,2026-12-28,2026-12-29T00:00:00Z,DET,BUF,false,1491.1622,1542.3894,78.7272,0.288689,0.065195,0.035731,0.035731,0.079745,0.494908,0.610384,0.216403
2026020621,2026-12-28,2026-12-29T00:00:00Z,NSH,FLA,false,1482.5060,1502.3069,47.3008,0.325832,0.070596,0.036753,0.036753,0.078488,0.451578,0.566819,0.222590
2026020622,2026-12-28,2026-12-29T00:00:00Z,EDM,WSH,false,1509.0794,1519.6010,38.0216,0.337249,0.072052,0.036963,0.036963,0.077883,0.438890,0.553736,0.223860
2026020623,2026-12-28,2026-12-29T00:00:00Z,TBL,CAR,false,1543.2239,1557.3969,41.6729,0.332734,0.071488,0.036885,0.036885,0.078133,0.443874,0.558893,0.223392
2026020624,2026-12-28,2026-12-29T00:30:00Z,SJS,WPG,false,1461.5838,1491.7087,57.6249,0.313363,0.068896,0.036469,0.036469,0.079037,0.465765,0.581272,0.220872
2026020625,2026-12-28,2026-12-29T02:30:00Z,LAK,VAN,false,1483.4393,1429.1356,-26.8037,0.421601,0.079883,0.037179,0.037179,0.070930,0.353227,0.461336,0.225172
2026020626,2026-12-29,2026-12-30T00:00:00Z,CBJ,MTL,false,1493.8629,1532.1819,65.8190,0.303649,0.067492,0.036207,0.036207,0.079379,0.477065,0.592651,0.219286
2026020627,2026-12-29,2026-12-30T00:00:00Z,DAL,OTT,false,1545.3332,1523.8346,6.0014,0.378020,0.076478,0.037346,0.037346,0.075013,0.395797,0.508156,0.226183
2026020628,2026-12-29,2026-12-30T00:00:00Z,NSH,TBL,false,1482.5060,1543.2239,88.2179,0.277967,0.063448,0.035334,0.035334,0.079879,0.508038,0.623251,0.213995
2026020629,2026-12-29,2026-12-30T00:00:00Z,DET,NYR,false,1491.1622,1473.0095,9.3473,0.373669,0.076063,0.037331,0.037331,0.075367,0.400238,0.512937,0.226093
2026020630,2026-12-29,2026-12-30T00:00:00Z,CAR,PIT,false,1557.3969,1495.4146,-34.4823,0.432003,0.080496,0.037059,0.037059,0.069828,0.343555,0.450442,0.224442
2026020631,2026-12-29,2026-12-30T01:00:00Z,VGK,CHI,false,1500.3607,1427.1552,-45.7055,0.447309,0.081260,0.036828,0.036828,0.068130,0.329645,0.434603,0.223046
2026020632,2026-12-29,2026-12-30T01:00:00Z,SJS,CGY,false,1461.5838,1475.2226,41.1388,0.333393,0.071571,0.036897,0.036897,0.078098,0.443144,0.558139,0.223463
2026020633,2026-12-29,2026-12-30T02:00:00Z,STL,COL,false,1500.9569,1560.9154,87.4585,0.278816,0.063589,0.035367,0.035367,0.079873,0.506988,0.622227,0.214196
2026020634,2026-12-29,2026-12-30T02:00:00Z,NJD,UTA,false,1499.3772,1503.4991,31.6219,0.345234,0.073014,0.037082,0.037082,0.077404,0.430184,0.544670,0.224583
2026020635,2026-12-29,2026-12-30T02:40:00Z,PHI,SEA,false,1506.5774,1458.2032,-20.8742,0.413615,0.079360,0.037251,0.037251,0.071745,0.360777,0.469774,0.225609
2026020636,2026-12-29,2026-12-30T03:00:00Z,TOR,ANA,false,1471.5008,1489.3908,45.3900,0.328168,0.070901,0.036800,0.036800,0.078372,0.448959,0.564131,0.222873
2026020637,2026-12-30,2026-12-30T21:00:00Z,WSH,NYI,false,1519.6010,1497.7819,5.6809,0.378438,0.076517,0.037347,0.037347,0.074978,0.395372,0.507698,0.226190
2026020638,2026-12-30,2026-12-31T00:00:00Z,BUF,FLA,false,1542.3894,1502.3069,-12.5825,0.402521,0.078559,0.037321,0.037321,0.072830,0.371447,0.481599,0.226032
2026020639,2026-12-30,2026-12-31T00:30:00Z,EDM,BOS,false,1509.0794,1509.7025,28.1231,0.349635,0.073525,0.037138,0.037138,0.077122,0.425441,0.539702,0.224923
2026020640,2026-12-30,2026-12-31T02:30:00Z,SEA,VAN,false,1458.2032,1429.1356,-1.5675,0.387933,0.077372,0.037358,0.037358,0.074167,0.385811,0.497336,0.226255
2026020641,2026-12-30,2026-12-31T03:00:00Z,TOR,LAK,false,1471.5008,1483.4393,39.4385,0.335494,0.071835,0.036934,0.036934,0.077982,0.440823,0.555738,0.223683
2026020642,2026-12-31,2026-12-31T19:00:00Z,PIT,OTT,false,1495.4146,1523.8346,55.9201,0.315405,0.069182,0.036520,0.036520,0.078956,0.463418,0.578894,0.221177
2026020643,2026-12-31,2026-12-31T19:00:00Z,CAR,DET,false,1557.3969,1491.1622,-38.7347,0.437789,0.080804,0.036979,0.036979,0.069197,0.338252,0.444428,0.223959
2026020644,2026-12-31,2026-12-31T19:00:00Z,MTL,TBL,false,1532.1819,1543.2239,38.5420,0.336604,0.071973,0.036952,0.036952,0.077919,0.439600,0.554471,0.223796
2026020645,2026-12-31,2026-12-31T19:00:00Z,WSH,CBJ,false,1519.6010,1493.8629,1.7619,0.383561,0.076986,0.037357,0.037357,0.074546,0.390193,0.502096,0.226246
2026020646,2026-12-31,2026-12-31T20:00:00Z,STL,VGK,false,1500.9569,1500.3607,26.9037,0.351175,0.073700,0.037156,0.037156,0.077020,0.423792,0.537969,0.225033
2026020647,2026-12-31,2026-12-31T23:00:00Z,COL,UTA,true,1560.9154,1503.4991,-29.9163,0.425810,0.080140,0.037134,0.037134,0.070490,0.349292,0.456915,0.224898
2026020648,2026-12-31,2027-01-01T01:00:00Z,WPG,CGY,false,1491.7087,1475.2226,11.0139,0.371509,0.075852,0.037322,0.037322,0.075539,0.402457,0.515317,0.226034
2026020649,2026-12-31,2027-01-01T02:00:00Z,NYR,DAL,false,1473.0095,1545.3332,99.8237,0.265186,0.061255,0.034796,0.034796,0.079890,0.524077,0.638763,0.210736
2026020650,2027-01-01,2027-01-01T19:00:00Z,FLA,NSH,false,1502.3069,1482.5060,7.6992,0.375810,0.076269,0.037339,0.037339,0.075194,0.398049,0.510582,0.226142
2026020651,2027-01-01,2027-01-01T20:00:00Z,BOS,CHI,false,1509.7025,1427.1552,-55.0474,0.460125,0.081773,0.036588,0.036588,0.066643,0.318283,0.421514,0.221592
2026020652,2027-01-01,2027-01-01T21:00:00Z,NJD,ANA,false,1499.3772,1489.3908,17.5136,0.363133,0.075002,0.037270,0.037270,0.076180,0.411145,0.524595,0.225722
2026020653,2027-01-01,2027-01-01T21:00:00Z,PHI,SJS,false,1506.5774,1461.5838,-17.4935,0.409080,0.079044,0.037284,0.037284,0.072196,0.365112,0.474592,0.225808
2026020654,2027-01-01,2027-01-01T23:00:00Z,MIN,PIT,false,1522.1862,1495.4146,0.7284,0.384916,0.077107,0.037358,0.037358,0.074430,0.388831,0.500618,0.226253
2026020656,2027-01-02,2027-01-02T18:00:00Z,MTL,FLA,false,1532.1819,1502.3069,-2.3750,0.388997,0.077464,0.037358,0.037358,0.074073,0.384751,0.496182,0.226252
2026020655,2027-01-02,2027-01-02T20:30:00Z,EDM,DET,false,1509.0794,1491.1622,9.5828,0.373363,0.076033,0.037330,0.037330,0.075391,0.400552,0.513273,0.226085
2026020657,2027-01-02,2027-01-03T00:00:00Z,BUF,TBL,false,1542.3894,1543.2239,28.3345,0.349369,0.073494,0.037135,0.037135,0.077140,0.425728,0.540002,0.224904
2026020658,2027-01-02,2027-01-03T00:00:00Z,OTT,WSH,false,1523.8346,1519.6010,23.2664,0.355787,0.074214,0.037206,0.037206,0.076707,0.418880,0.532793,0.225333
2026020659,2027-01-02,2027-01-03T00:00:00Z,NSH,CAR,false,1482.5060,1557.3969,102.3908,0.262409,0.060762,0.034669,0.034669,0.079870,0.527620,0.642159,0.209971
2026020660,2027-01-02,2027-01-03T00:00:00Z,BOS,CBJ,false,1509.7025,1493.8629,11.6604,0.370672,0.075769,0.037318,0.037318,0.075605,0.403319,0.516241,0.226009
2026020661,2027-01-02,2027-01-03T00:00:00Z,STL,MIN,false,1500.9569,1522.1862,48.7293,0.324092,0.070365,0.036717,0.036717,0.078572,0.453537,0.568825,0.222371
2026020662,2027-01-02,2027-01-03T00:00:00Z,CGY,WPG,false,1475.2226,1491.7087,43.9861,0.329889,0.071124,0.036833,0.036833,0.078284,0.447038,0.562154,0.223074
2026020663,2027-01-02,2027-01-03T00:00:00Z,TOR,SJS,false,1471.5008,1461.5838,17.5831,0.363044,0.074993,0.037269,0.037269,0.076186,0.411238,0.524694,0.225717
2026020664,2027-01-02,2027-01-03T01:00:00Z,CHI,DAL,false,1427.1552,1545.3332,145.6781,0.218413,0.052220,0.032183,0.032183,0.078325,0.586676,0.697184,0.194911
2026020665,2027-01-02,2027-01-03T02:00:00Z,NJD,LAK,false,1499.3772,1483.4393,11.5621,0.370800,0.075782,0.037318,0.037318,0.075595,0.403188,0.516100,0.226013
2026020666,2027-01-02,2027-01-03T03:00:00Z,VAN,UTA,false,1429.1356,1503.4991,101.8635,0.262978,0.060864,0.034696,0.034696,0.079875,0.526892,0.641462,0.210129
2026020667,2027-01-02,2027-01-03T03:00:00Z,COL,VGK,false,1560.9154,1500.3607,-33.0548,0.430064,0.080388,0.037084,0.037084,0.070037,0.345344,0.452464,0.224592
2026020668,2027-01-02,2027-01-03T03:00:00Z,NYI,SEA,false,1497.7819,1458.2032,-12.0788,0.401850,0.078508,0.037324,0.037324,0.072894,0.372099,0.482318,0.226051
2026020669,2027-01-03,2027-01-03T20:00:00Z,EDM,PIT,false,1509.0794,1495.4146,13.8352,0.367864,0.075488,0.037302,0.037302,0.075823,0.406221,0.519346,0.225915
2026020670,2027-01-03,2027-01-03T23:00:00Z,CBJ,NYR,false,1493.8629,1473.0095,6.6466,0.377180,0.076399,0.037344,0.037344,0.075082,0.396652,0.509078,0.226168
2026020671,2027-01-03,2027-01-04T00:00:00Z,CGY,STL,false,1475.2226,1500.9569,53.2343,0.318635,0.069628,0.036596,0.036596,0.078820,0.459724,0.575140,0.221641
2026020672,2027-01-03,2027-01-04T01:00:00Z,PHI,ANA,false,1506.5774,1489.3908,10.3134,0.372416,0.075941,0.037326,0.037326,0.075467,0.401524,0.514317,0.226060
2026020673,2027-01-03,2027-01-04T01:00:00Z,VAN,SEA,false,1429.1356,1458.2032,56.5675,0.314628,0.069074,0.036501,0.036501,0.078987,0.464309,0.579797,0.221062
2026020674,2027-01-04,2027-01-05T00:30:00Z,WPG,BUF,false,1491.7087,1542.3894,78.1807,0.289314,0.065294,0.035753,0.035753,0.079733,0.494152,0.609639,0.216534
2026020675,2027-01-04,2027-01-05T00:30:00Z,CHI,MTL,false,1427.1552,1532.1819,132.5268,0.231207,0.054847,0.033004,0.033004,0.079028,0.568911,0.680943,0.199882
2026020676,2027-01-04,2027-01-05T00:30:00Z,TOR,WSH,false,1471.5008,1519.6010,75.6003,0.292274,0.065761,0.035854,0.035854,0.079675,0.490583,0.606112,0.217143
2026020677,2027-01-04,2027-01-05T01:00:00Z,DET,DAL,false,1491.1622,1545.3332,81.6710,0.285338,0.064658,0.035612,0.035612,0.079799,0.498981,0.614392,0.215681
2026020678,2027-01-04,2027-01-05T02:00:00Z,VGK,COL,false,1500.3607,1560.9154,88.0548,0.278149,0.063478,0.035341,0.035341,0.079878,0.507812,0.623031,0.214038
2026020679,2027-01-04,2027-01-05T03:00:00Z,PHI,LAK,false,1506.5774,1483.4393,4.3619,0.380159,0.076677,0.037351,0.037351,0.074835,0.393626,0.505812,0.226214
2026020680,2027-01-04,2027-01-05T03:00:00Z,NJD,SJS,false,1499.3772,1461.5838,-10.2933,0.399474,0.078324,0.037334,0.037334,0.073118,0.374415,0.484868,0.226111
2026020681,2027-01-05,2027-01-06T00:00:00Z,STL,CAR,false,1500.9569,1557.3969,83.9399,0.282770,0.064241,0.035518,0.035518,0.079833,0.502120,0.617471,0.215110
2026020682,2027-01-05,2027-01-06T00:00:00Z,NYR,CBJ,false,1473.0095,1493.8629,48.3534,0.324550,0.070426,0.036726,0.036726,0.078550,0.453021,0.568298,0.222429
2026020683,2027-01-05,2027-01-06T00:30:00Z,BUF,BOS,false,1542.3894,1509.7025,-5.1869,0.392706,0.077777,0.037353,0.037353,0.073741,0.381069,0.492163,0.226225
2026020684,2027-01-05,2027-01-06T00:30:00Z,EDM,NSH,false,1509.0794,1482.5060,0.9266,0.384656,0.077084,0.037358,0.037358,0.074452,0.389092,0.500902,0.226252
2026020685,2027-01-05,2027-01-06T01:00:00Z,FLA,CGY,false,1502.3069,1475.2226,0.4157,0.385327,0.077144,0.037358,0.037358,0.074394,0.388419,0.500172,0.226254
2026020686,2027-01-05,2027-01-06T02:00:00Z,OTT,UTA,false,1523.8346,1503.4991,7.1645,0.376506,0.076335,0.037342,0.037342,0.075137,0.397339,0.509818,0.226156
2026020687,2027-01-05,2027-01-06T02:00:00Z,NYI,VAN,false,1497.7819,1429.1356,-41.1463,0.441078,0.080969,0.036930,0.036930,0.068832,0.335262,0.441024,0.223660
2026020688,2027-01-05,2027-01-06T02:40:00Z,TBL,SEA,false,1543.2239,1458.2032,-57.5208,0.463528,0.081890,0.036517,0.036517,0.066239,0.315309,0.418065,0.221163
2026020689,2027-01-05,2027-01-06T03:00:00Z,MIN,ANA,false,1522.1862,1489.3908,-5.2954,0.392850,0.077789,0.037353,0.037353,0.073728,0.380927,0.492008,0.226223
2026020690,2027-01-06,2027-01-07T00:30:00Z,BOS,MTL,false,1509.7025,1532.1819,49.9794,0.322573,0.070162,0.036684,0.036684,0.078643,0.455252,0.570580,0.222175
2026020691,2027-01-06,2027-01-07T02:30:00Z,OTT,COL,false,1523.8346,1560.9154,64.5808,0.305106,0.067707,0.036249,0.036249,0.079332,0.475356,0.590937,0.219538
2026020692,2027-01-06,2027-01-07T03:00:00Z,WSH,LAK,false,1519.6010,1483.4393,-8.6617,0.397308,0.078152,0.037342,0.037342,0.073320,0.376536,0.487198,0.226156
2026020693,2027-01-06,2027-01-07T03:00:00Z,DAL,SJS,false,1545.3332,1461.5838,-56.2494,0.461779,0.081831,0.036554,0.036554,0.066447,0.316836,0.419837,0.221386
2026020694,2027-01-07,2027-01-08T00:00:00Z,UTA,DET,false,1503.4991,1491.1622,15.1631,0.366153,0.075314,0.037291,0.037291,0.075953,0.407997,0.521241,0.225850
2026020695,2027-01-07,2027-01-08T00:00:00Z,CBJ,NJD,false,1493.8629,1499.3772,33.0142,0.343489,0.072808,0.037058,0.037058,0.077513,0.432075,0.546645,0.224436
2026020696,2027-01-07,2027-01-08T00:00:00Z,CHI,NYR,false,1427.1552,1473.0095,73.3543,0.294864,0.066163,0.035939,0.035939,0.079618,0.487477,0.603034,0.217659
2026020697,2027-01-07,2027-01-08T00:00:00Z,TOR,PHI,false,1471.5008,1506.5774,62.5766,0.307473,0.068053,0.036315,0.036315,0.079254,0.472591,0.588159,0.219936
2026020698,2027-01-07,2027-01-08T00:00:00Z,PIT,CAR,false,1495.4146,1557.3969,89.4823,0.276557,0.063212,0.035278,0.035278,0.079889,0.509787,0.624953,0.213656
2026020699,2027-01-07,2027-01-08T00:00:00Z,NSH,WPG,false,1482.5060,1491.7087,36.7027,0.338888,0.072253,0.036989,0.036989,0.077788,0.437093,0.551870,0.224020
2026020700,2027-01-07,2027-01-08T01:00:00Z,NYI,CGY,false,1497.7819,1475.2226,4.9407,0.379404,0.076607,0.037350,0.037350,0.074898,0.394392,0.506640,0.226204
2026020701,2027-01-07,2027-01-08T01:00:00Z,FLA,EDM,false,1502.3069,1509.0794,34.2725,0.341916,0.072620,0.037035,0.037035,0.077608,0.433785,0.548429,0.224299
2026020702,2027-01-07,2027-01-08T02:00:00Z,TBL,VAN,false,1543.2239,1429.1356,-86.5883,0.503680,0.082666,0.035470,0.035470,0.061214,0.281500,0.378183,0.214820
2026020703,2027-01-07,2027-01-08T02:30:00Z,MIN,VGK,false,1522.1862,1500.3607,5.6744,0.378447,0.076518,0.037347,0.037347,0.074977,0.395364,0.507688,0.226190
2026020704,2027-01-08,2027-01-09T00:00:00Z,BUF,CBJ,false,1542.3894,1493.8629,-21.0265,0.413819,0.079374,0.037250,0.037250,0.071725,0.360582,0.469557,0.225599
2026020705,2027-01-08,2027-01-09T01:00:00Z,OTT,STL,false,1523.8346,1500.9569,4.6223,0.379819,0.076645,0.037351,0.037351,0.074863,0.393971,0.506185,0.226210
2026020706,2027-01-08,2027-01-09T02:00:00Z,SEA,COL,false,1458.2032,1560.9154,130.2123,0.233511,0.055307,0.033143,0.033143,0.079131,0.565766,0.678039,0.200724
2026020707,2027-01-08,2027-01-09T03:00:00Z,DAL,ANA,false,1545.3332,1489.3908,-28.4424,0.423816,0.080020,0.037156,0.037156,0.070699,0.351153,0.459008,0.225032
2026020708,2027-01-08,2027-01-09T03:00:00Z,WSH,SJS,false,1519.6010,1461.5838,-30.5172,0.426624,0.080189,0.037125,0.037125,0.070404,0.348534,0.456063,0.224842
2026020709,2027-01-09,2027-01-09T17:00:00Z,CHI,NJD,false,1427.1552,1499.3772,99.7220,0.265297,0.061274,0.034801,0.034801,0.079891,0.523937,0.638628,0.210766
2026020710,2027-01-09,2027-01-09T20:30:00Z,TBL,CGY,false,1543.2239,1475.2226,-40.5013,0.440198,0.080925,0.036943,0.036943,0.068930,0.336061,0.441934,0.223741
2026020711,2027-01-09,2027-01-09T20:30:00Z,NYI,EDM,false,1497.7819,1509.0794,38.7975,0.336287,0.071933,0.036947,0.036947,0.077937,0.439948,0.554832,0.223764
2026020712,2027-01-09,2027-01-10T00:00:00Z,CAR,BUF,false,1557.3969,1542.3894,12.4925,0.369597,0.075662,0.037312,0.037312,0.075689,0.404428,0.517429,0.225975
2026020713,2027-01-09,2027-01-10T00:00:00Z,PHI,TOR,false,1506.5774,1471.5008,-7.5766,0.395869,0.078037,0.037346,0.037346,0.073453,0.377949,0.488748,0.226182
2026020714,2027-01-09,2027-01-10T00:00:00Z,PIT,MTL,false,1495.4146,1532.1819,64.2673,0.305476,0.067762,0.036259,0.036259,0.079320,0.474923,0.590503,0.219601
2026020715,2027-01-09,2027-01-10T00:00:00Z,BOS,DET,false,1509.7025,1491.1622,8.9597,0.374172,0.076112,0.037333,0.037333,0.075326,0.399723,0.512383,0.226105
2026020716,2027-01-09,2027-01-10T00:00:00Z,UTA,WPG,false,1503.4991,1491.7087,15.7096,0.365450,0.075242,0.037287,0.037287,0.076006,0.408728,0.522021,0.225822
2026020717,2027-01-09,2027-01-10T01:00:00Z,NSH,MIN,false,1482.5060,1522.1862,67.1802,0.302051,0.067255,0.036161,0.036161,0.079427,0.478945,0.594533,0.219004
2026020718,2027-01-09,2027-01-10T02:00:00Z,DAL,LAK,false,1545.3332,1483.4393,-34.3939,0.431883,0.080489,0.037060,0.037060,0.069841,0.343666,0.450567,0.224451
2026020719,2027-01-09,2027-01-10T03:00:00Z,FLA,VAN,false,1502.3069,1429.1356,-45.6713,0.447262,0.081257,0.036829,0.036829,0.068135,0.329687,0.434651,0.223051
2026020720,2027-01-09,2027-01-10T03:00:00Z,SEA,VGK,false,1458.2032,1500.3607,69.6575,0.299156,0.066820,0.036074,0.036074,0.079509,0.482367,0.597951,0.218477
2026020721,2027-01-09,2027-01-10T03:00:00Z,NYR,SJS,false,1473.0095,1461.5838,16.0743,0.364981,0.075194,0.037283,0.037283,0.076042,0.409217,0.522542,0.225802
2026020724,2027-01-10,2027-01-10T20:30:00Z,WSH,ANA,false,1519.6010,1489.3908,-2.7102,0.389438,0.077501,0.037357,0.037357,0.074034,0.384312,0.495703,0.226250
2026020722,2027-01-10,2027-01-11T00:30:00Z,CHI,PHI,false,1427.1552,1506.5774,106.9222,0.257553,0.059888,0.034440,0.034440,0.079814,0.533866,0.648120,0.208582
2026020723,2027-01-10,2027-01-11T01:00:00Z,NSH,COL,false,1482.5060,1560.9154,105.9094,0.258633,0.060084,0.034492,0.034492,0.079828,0.532470,0.646791,0.208896
2026020725,2027-01-11,2027-01-12T00:30:00Z,WPG,TOR,false,1491.7087,1471.5008,7.2920,0.376340,0.076319,0.037341,0.037341,0.075151,0.397508,0.510000,0.226152
2026020726,2027-01-11,2027-01-12T01:30:00Z,TBL,EDM,false,1543.2239,1509.0794,-6.6445,0.394634,0.077936,0.037349,0.037349,0.073566,0.379165,0.490080,0.226201
2026020727,2027-01-11,2027-01-12T03:00:00Z,NYR,LAK,false,1473.0095,1483.4393,37.9298,0.337363,0.072066,0.036965,0.036965,0.077876,0.438765,0.553606,0.223872
2026020728,2027-01-12,2027-01-13T00:00:00Z,CAR,BOS,false,1557.3969,1509.7025,-20.1944,0.412702,0.079298,0.037259,0.037259,0.071837,0.361647,0.470742,0.225652
2026020729,2027-01-12,2027-01-13T00:00:00Z,NJD,BUF,false,1499.3772,1542.3894,70.5123,0.298160,0.066669,0.036043,0.036043,0.079536,0.483549,0.599128,0.218291
2026020730,2027-01-12,2027-01-13T00:00:00Z,COL,PIT,false,1560.9154,1495.4146,-38.0009,0.436789,0.080752,0.036993,0.036993,0.069307,0.339165,0.445465,0.224046
2026020731,2027-01-12,2027-01-13T00:00:00Z,VGK,WSH,false,1500.3607,1519.6010,46.7404,0.326517,0.070686,0.036767,0.036767,0.078455,0.450809,0.566031,0.222674
2026020732,2027-01-12,2027-01-13T01:00:00Z,UTA,CHI,false,1503.4991,1427.1552,-48.8440,0.451608,0.081444,0.036752,0.036752,0.067637,0.325805,0.430195,0.222587
2026020733,2027-01-12,2027-01-13T01:00:00Z,PHI,NSH,false,1506.5774,1482.5060,3.4286,0.381379,0.076789,0.037354,0.037354,0.074732,0.392393,0.504478,0.226228
2026020734,2027-01-12,2027-01-13T01:00:00Z,OTT,DAL,false,1523.8346,1545.3332,48.9986,0.323765,0.070322,0.036710,0.036710,0.078588,0.453906,0.569204,0.222329
2026020735,2027-01-12,2027-01-13T01:00:00Z,CBJ,CGY,false,1493.8629,1475.2226,8.8597,0.374302,0.076124,0.037334,0.037334,0.075316,0.399590,0.512240,0.226108
2026020736,2027-01-12,2027-01-13T02:40:00Z,FLA,SEA,false,1502.3069,1458.2032,-16.6037,0.407889,0.078958,0.037292,0.037292,0.072312,0.366256,0.475861,0.225854
2026020737,2027-01-12,2027-01-13T03:00:00Z,NYR,ANA,false,1473.0095,1489.3908,43.8813,0.330017,0.071141,0.036835,0.036835,0.078277,0.446894,0.562007,0.223089
2026020738,2027-01-13,2027-01-14T00:00:00Z,NJD,MTL,false,1499.3772,1532.1819,60.3047,0.310168,0.068442,0.036387,0.036387,0.079158,0.469458,0.585003,0.220374
2026020739,2027-01-13,2027-01-14T00:30:00Z,PIT,NYI,false,1495.4146,1497.7819,29.8673,0.347438,0.073272,0.037111,0.037111,0.077265,0.427804,0.542180,0.224758
2026020740,2027-01-13,2027-01-14T02:00:00Z,DET,UTA,false,1491.1622,1503.4991,39.8369,0.335001,0.071773,0.036925,0.036925,0.078009,0.441367,0.556301,0.223633
2026020741,2027-01-13,2027-01-14T02:00:00Z,SJS,EDM,false,1461.5838,1509.0794,74.9956,0.292970,0.065869,0.035877,0.035877,0.079660,0.489747,0.605284,0.217283
2026020742,2027-01-13,2027-01-14T03:00:00Z,STL,LAK,false,1500.9569,1483.4393,9.9824,0.372845,0.075983,0.037328,0.037328,0.075433,0.401083,0.513844,0.226071
2026020743,2027-01-14,2027-01-15T00:00:00Z,DAL,BOS,false,1545.3332,1509.7025,-8.1307,0.396603,0.078096,0.037344,0.037344,0.073385,0.377228,0.487957,0.226169
2026020745,2027-01-14,2027-01-15T00:00:00Z,CHI,TOR,false,1427.1552,1471.5008,71.8456,0.296611,0.066432,0.035995,0.035995,0.079576,0.485392,0.600962,0.217997
2026020746,2027-01-14,2027-01-15T00:00:00Z,WPG,OTT,false,1491.7087,1523.8346,59.6259,0.310976,0.068557,0.036408,0.036408,0.079128,0.468522,0.584059,0.220502
2026020747,2027-01-14,2027-01-15T00:00:00Z,VGK,TBL,false,1500.3607,1543.2239,70.3633,0.298334,0.066695,0.036049,0.036049,0.079531,0.483343,0.598923,0.218324
2026020748,2027-01-14,2027-01-15T00:00:00Z,CAR,WSH,false,1557.3969,1519.6010,-10.2958,0.399478,0.078324,0.037334,0.037334,0.073118,0.374412,0.484864,0.226111
2026020744,2027-01-14,2027-01-15T00:30:00Z,COL,BUF,false,1560.9154,1542.3894,8.9740,0.374153,0.076110,0.037333,0.037333,0.075328,0.399742,0.512403,0.226104
2026020749,2027-01-14,2027-01-15T01:00:00Z,MTL,NSH,false,1532.1819,1482.5060,-22.1759,0.415364,0.079479,0.037237,0.037237,0.071569,0.359113,0.467920,0.225522
2026020750,2027-01-14,2027-01-15T01:00:00Z,SJS,CGY,false,1461.5838,1475.2226,41.1388,0.333393,0.071571,0.036897,0.036897,0.078098,0.443144,0.558139,0.223463
2026020752,2027-01-14,2027-01-15T02:00:00Z,SEA,VAN,false,1458.2032,1429.1356,-1.5675,0.387933,0.077372,0.037358,0.037358,0.074167,0.385811,0.497336,0.226255
2026020751,2027-01-14,2027-01-15T02:30:00Z,FLA,MIN,false,1502.3069,1522.1862,47.3793,0.325737,0.070583,0.036751,0.036751,0.078493,0.451685,0.566929,0.222578
2026020753,2027-01-14,2027-01-15T03:00:00Z,STL,ANA,false,1500.9569,1489.3908,15.9339,0.365162,0.075212,0.037285,0.037285,0.076028,0.409028,0.522341,0.225810
2026020754,2027-01-15,2027-01-16T00:00:00Z,DAL,NYI,false,1545.3332,1497.7819,-20.0513,0.412510,0.079285,0.037260,0.037260,0.071856,0.361830,0.470946,0.225660
2026020755,2027-01-15,2027-01-16T00:00:00Z,PHI,CAR,false,1506.5774,1557.3969,78.3195,0.289155,0.065269,0.035748,0.035748,0.079736,0.494344,0.609828,0.216501
2026020756,2027-01-15,2027-01-16T01:00:00Z,CBJ,EDM,false,1493.8629,1509.0794,42.7165,0.331449,0.071324,0.036862,0.036862,0.078202,0.445301,0.560365,0.223250
2026020757,2027-01-15,2027-01-16T02:00:00Z,LAK,UTA,false,1483.4393,1503.4991,47.5598,0.325517,0.070554,0.036747,0.036747,0.078504,0.451933,0.567183,0.222551
2026020758,2027-01-16,2027-01-16T17:00:00Z,BOS,NYR,false,1509.7025,1473.0095,-9.1930,0.398013,0.078209,0.037340,0.037340,0.073255,0.375845,0.486439,0.226142
2026020759,2027-01-16,2027-01-16T20:30:00Z,OTT,TBL,false,1523.8346,1543.2239,46.8893,0.326335,0.070662,0.036763,0.036763,0.078463,0.451013,0.566240,0.222652
2026020760,2027-01-16,2027-01-16T23:00:00Z,VGK,FLA,false,1500.3607,1502.3069,29.4462,0.347968,0.073333,0.037118,0.037118,0.077231,0.427233,0.541582,0.224799
2026020761,2027-01-16,2027-01-17T00:00:00Z,NSH,BUF,false,1482.5060,1542.3894,87.3834,0.278900,0.063603,0.035370,0.035370,0.079872,0.506884,0.622126,0.214216
2026020762,2027-01-16,2027-01-17T00:00:00Z,PIT,TOR,false,1495.4146,1471.5008,3.5862,0.381173,0.076770,0.037353,0.037353,0.074749,0.392601,0.504704,0.226226
2026020763,2027-01-16,2027-01-17T00:00:00Z,NYI,NJD,false,1497.7819,1499.3772,29.0953,0.348410,0.073384,0.037123,0.037123,0.077202,0.426758,0.541083,0.224833
2026020764,2027-01-16,2027-01-17T00:00:00Z,MTL,PHI,false,1532.1819,1506.5774,1.8955,0.383386,0.076971,0.037357,0.037357,0.074561,0.390369,0.502287,0.226245
2026020765,2027-01-16,2027-01-17T00:00:00Z,COL,WSH,false,1560.9154,1519.6010,-13.8144,0.404163,0.078683,0.037313,0.037313,0.072673,0.369854,0.479840,0.225983
2026020766,2027-01-16,2027-01-17T00:00:00Z,DET,CHI,false,1491.1622,1427.1552,-36.5071,0.434756,0.080646,0.037022,0.037022,0.069529,0.341025,0.447577,0.224219
2026020767,2027-01-16,2027-01-17T00:00:00Z,MIN,STL,false,1522.1862,1500.9569,6.2707,0.377669,0.076445,0.037345,0.037345,0.075042,0.396154,0.508541,0.226177
2026020768,2027-01-16,2027-01-17T00:00:00Z,ANA,WPG,false,1489.3908,1491.7087,29.8179,0.347500,0.073279,0.037112,0.037112,0.077261,0.427737,0.542110,0.224763
2026020769,2027-01-16,2027-01-17T03:00:00Z,LAK,CGY,false,1483.4393,1475.2226,19.2833,0.360866,0.074763,0.037252,0.037252,0.076346,0.413520,0.527118,0.225613
2026020770,2027-01-16,2027-01-17T03:00:00Z,CBJ,VAN,false,1493.8629,1429.1356,-37.2273,0.435736,0.080697,0.037008,0.037008,0.069422,0.340128,0.446558,0.224136
2026020771,2027-01-16,2027-01-17T03:00:00Z,SJS,SEA,false,1461.5838,1458.2032,24.1193,0.354703,0.074095,0.037195,0.037195,0.076782,0.420031,0.534007,0.225266
2026020772,2027-01-17,2027-01-17T22:00:00Z,MIN,DET,false,1522.1862,1491.1622,-3.5240,0.390511,0.077593,0.037356,0.037356,0.073939,0.383245,0.494540,0.226244
2026020773,2027-01-17,2027-01-17T23:00:00Z,DAL,NYR,false,1545.3332,1473.0095,-44.8237,0.446103,0.081205,0.036849,0.036849,0.068267,0.330728,0.435843,0.223169
2026020774,2027-01-17,2027-01-17T23:00:00Z,VGK,CAR,false,1500.3607,1557.3969,84.5362,0.282098,0.064131,0.035493,0.035493,0.079841,0.502945,0.618278,0.214957
2026020775,2027-01-17,2027-01-18T00:00:00Z,WPG,EDM,false,1491.7087,1509.0794,44.8707,0.328804,0.070984,0.036812,0.036812,0.078340,0.448248,0.563400,0.222948
2026020777,2027-01-18,2027-01-18T18:30:00Z,TBL,BOS,false,1543.2239,1509.7025,-6.0214,0.393810,0.077869,0.037351,0.037351,0.073641,0.379978,0.490971,0.226212
2026020776,2027-01-18,2027-01-18T19:00:00Z,MTL,BUF,false,1532.1819,1542.3894,37.7075,0.337639,0.072100,0.036969,0.036969,0.077860,0.438462,0.553291,0.223899
2026020778,2027-01-18,2027-01-18T20:00:00Z,NSH,NYI,false,1482.5060,1497.7819,42.7759,0.331376,0.071315,0.036861,0.036861,0.078206,0.445382,0.560449,0.223242
2026020779,2027-01-18,2027-01-18T20:00:00Z,VAN,COL,false,1429.1356,1560.9154,159.2798,0.205716,0.049500,0.031283,0.031283,0.077397,0.604821,0.713501,0.189463
2026020780,2027-01-18,2027-01-18T21:00:00Z,WSH,PIT,false,1519.6010,1495.4146,3.3135,0.381530,0.076802,0.037354,0.037354,0.074719,0.392241,0.504314,0.226230
2026020781,2027-01-18,2027-01-18T21:00:00Z,UTA,SJS,false,1503.4991,1461.5838,-14.4153,0.404965,0.078743,0.037309,0.037309,0.072596,0.369078,0.478983,0.225958
2026020782,2027-01-18,2027-01-18T21:00:00Z,CBJ,SEA,false,1493.8629,1458.2032,-8.1598,0.396642,0.078099,0.037344,0.037344,0.073382,0.377190,0.487915,0.226168
2026020783,2027-01-18,2027-01-19T00:30:00Z,STL,TOR,false,1500.9569,1471.5008,-1.9562,0.388445,0.077416,0.037358,0.037358,0.074122,0.385301,0.496781,0.226254
2026020784,2027-01-18,2027-01-19T00:30:00Z,OTT,FLA,false,1523.8346,1502.3069,5.9722,0.378058,0.076481,0.037346,0.037346,0.075009,0.395758,0.508114,0.226184
2026020785,2027-01-18,2027-01-19T01:30:00Z,CGY,CHI,false,1475.2226,1427.1552,-20.5675,0.413203,0.079332,0.037255,0.037255,0.071787,0.361169,0.470211,0.225628
2026020786,2027-01-19,2027-01-20T00:00:00Z,ANA,DET,false,1489.3908,1491.1622,29.2714,0.348188,0.073358,0.037121,0.037121,0.077216,0.426996,0.541333,0.224816
2026020787,2027-01-19,2027-01-20T00:00:00Z,DAL,NJD,false,1545.3332,1499.3772,-18.4561,0.410370,0.079135,0.037276,0.037276,0.072068,0.363875,0.473219,0.225755
2026020788,2027-01-19,2027-01-20T00:00:00Z,PHI,NYR,false,1506.5774,1473.0095,-6.0679,0.393871,0.077874,0.037351,0.037351,0.073636,0.379918,0.490904,0.226211
2026020789,2027-01-19,2027-01-20T00:00:00Z,MTL,WSH,false,1532.1819,1519.6010,14.9191,0.366467,0.075346,0.037293,0.037293,0.075929,0.407670,0.520893,0.225862
2026020790,2027-01-19,2027-01-20T00:00:00Z,MIN,WPG,false,1522.1862,1491.7087,-2.9775,0.389790,0.077532,0.037357,0.037357,0.074003,0.383961,0.495321,0.226248
2026020791,2027-01-19,2027-01-20T03:00:00Z,SEA,LAK,false,1458.2032,1483.4393,52.7361,0.319236,0.069711,0.036610,0.036610,0.078794,0.459039,0.574443,0.221725
2026020792,2027-01-20,2027-01-20T19:00:00Z,VAN,NSH,false,1429.1356,1482.5060,80.8704,0.286247,0.064805,0.035645,0.035645,0.079785,0.497873,0.613303,0.215880
2026020793,2027-01-20,2027-01-21T00:00:00Z,BUF,NYI,false,1542.3894,1497.7819,-17.1075,0.408564,0.079007,0.037288,0.037288,0.072246,0.365608,0.475142,0.225828
2026020794,2027-01-20,2027-01-21T00:30:00Z,TOR,OTT,false,1471.5008,1523.8346,79.8339,0.287426,0.064994,0.035687,0.035687,0.079766,0.496439,0.611893,0.216134
2026020796,2027-01-20,2027-01-21T00:30:00Z,DAL,CHI,false,1545.3332,1427.1552,-90.6781,0.509337,0.082687,0.035292,0.035292,0.060472,0.276919,0.372683,0.213744
2026020795,2027-01-20,2027-01-21T02:00:00Z,BOS,COL,false,1509.7025,1560.9154,78.7129,0.288705,0.065198,0.035732,0.035732,0.079744,0.494889,0.610365,0.216406
2026020797,2027-01-20,2027-01-21T03:00:00Z,EDM,VGK,false,1509.0794,1500.3607,18.7812,0.361509,0.074831,0.037257,0.037257,0.076299,0.412846,0.526403,0.225645
2026020798,2027-01-21,2027-01-22T00:00:00Z,SEA,BUF,false,1458.2032,1542.3894,111.6863,0.252509,0.058962,0.034190,0.034190,0.079728,0.540421,0.654339,0.207070
2026020799,2027-01-21,2027-01-22T00:00:00Z,STL,MTL,false,1500.9569,1532.1819,58.7250,0.312049,0.068710,0.036436,0.036436,0.079088,0.467281,0.582805,0.220670
2026020800,2027-01-21,2027-01-22T00:00:00Z,CAR,FLA,false,1557.3969,1502.3069,-27.5900,0.422663,0.079949,0.037168,0.037168,0.070820,0.352231,0.460219,0.225106
2026020801,2027-01-21,2027-01-22T00:00:00Z,TBL,NJD,false,1543.2239,1499.3772,-16.3468,0.407546,0.078933,0.037294,0.037294,0.072346,0.366587,0.476227,0.225867
2026020802,2027-01-21,2027-01-22T00:00:00Z,NSH,PHI,false,1482.5060,1506.5774,51.5714,0.320644,0.069902,0.036642,0.036642,0.078731,0.457438,0.572812,0.221918
2026020803,2027-01-21,2027-01-22T00:00:00Z,ANA,PIT,false,1489.3908,1495.4146,33.5238,0.342852,0.072732,0.037049,0.037049,0.077552,0.432767,0.547367,0.224381
2026020804,2027-01-21,2027-01-22T00:00:00Z,CGY,CBJ,false,1475.2226,1493.8629,46.1403,0.327250,0.070782,0.036782,0.036782,0.078418,0.449987,0.565187,0.222763
2026020805,2027-01-21,2027-01-22T00:00:00Z,NYR,WPG,false,1473.0095,1491.7087,46.1992,0.327178,0.070772,0.036780,0.036780,0.078422,0.450068,0.565270,0.222754
2026020806,2027-01-21,2027-01-22T02:00:00Z,DET,MIN,false,1491.1622,1522.1862,58.5240,0.312289,0.068744,0.036442,0.036442,0.079079,0.467004,0.582525,0.220707
2026020807,2027-01-21,2027-01-22T03:00:00Z,EDM,LAK,false,1509.0794,1483.4393,1.8599,0.383433,0.076975,0.037357,0.037357,0.074557,0.390322,0.502236,0.226245
2026020808,2027-01-22,2027-01-23T00:00:00Z,NYI,WSH,false,1497.7819,1519.6010,49.3191,0.323375,0.070270,0.036702,0.036702,0.078606,0.454346,0.569653,0.222279
2026020809,2027-01-22,2027-01-23T01:00:00Z,VAN,CHI,false,1429.1356,1427.1552,25.5195,0.352927,0.073897,0.037176,0.037176,0.076903,0.421921,0.536000,0.225152
2026020810,2027-01-22,2027-01-23T01:00:00Z,COL,DAL,false,1560.9154,1545.3332,11.9178,0.370340,0.075736,0.037316,0.037316,0.075631,0.403662,0.516608,0.225999
2026020811,2027-01-22,2027-01-23T03:00:00Z,BOS,VGK,false,1509.7025,1500.3607,18.1581,0.362307,0.074915,0.037264,0.037264,0.076240,0.412010,0.525514,0.225683
2026020812,2027-01-23,2027-01-23T17:30:00Z,TBL,DET,false,1543.2239,1491.1622,-24.5617,0.418576,0.079690,0.037209,0.037209,0.071242,0.356073,0.464524,0.225350
2026020813,2027-01-23,2027-01-23T20:30:00Z,CBJ,OTT,false,1493.8629,1523.8346,57.4717,0.313546,0.068922,0.036474,0.036474,0.079030,0.465554,0.581058,0.220900
2026020814,2027-01-23,2027-01-23T22:00:00Z,LAK,NSH,false,1483.4393,1482.5060,26.5667,0.351601,0.073748,0.037161,0.037161,0.076992,0.423336,0.537489,0.225063
2026020815,2027-01-23,2027-01-24T00:00:00Z,CGY,MTL,false,1475.2226,1532.1819,84.4593,0.282185,0.064145,0.035496,0.035496,0.079840,0.502839,0.618174,0.214977
2026020816,2027-01-23,2027-01-24T00:00:00Z,VAN,PIT,false,1429.1356,1495.4146,93.7790,0.271797,0.062404,0.035083,0.035083,0.079906,0.515727,0.630716,0.212476
2026020817,2027-01-23,2027-01-24T00:00:00Z,ANA,CAR,false,1489.3908,1557.3969,95.5061,0.269898,0.062077,0.035002,0.035002,0.079906,0.518114,0.633022,0.211988
2026020818,2027-01-23,2027-01-24T00:00:00Z,TOR,STL,false,1471.5008,1500.9569,56.9562,0.314163,0.069008,0.036489,0.036489,0.079006,0.464844,0.580339,0.220993
2026020819,2027-01-23,2027-01-24T00:30:00Z,SEA,NYI,false,1458.2032,1497.7819,67.0788,0.302170,0.067273,0.036164,0.036164,0.079424,0.478805,0.594393,0.219025
2026020820,2027-01-23,2027-01-24T00:30:00Z,NJD,PHI,false,1499.3772,1506.5774,34.7002,0.341382,0.072556,0.037027,0.037027,0.077640,0.434367,0.549035,0.224251
2026020821,2027-01-23,2027-01-24T01:00:00Z,NYR,MIN,false,1473.0095,1522.1862,76.6767,0.291037,0.065567,0.035812,0.035812,0.079700,0.492072,0.607585,0.216891
2026020822,2027-01-23,2027-01-24T02:00:00Z,BOS,UTA,false,1509.7025,1503.4991,21.2966,0.358295,0.074488,0.037230,0.037230,0.076531,0.416227,0.529988,0.225478
2026020823,2027-01-23,2027-01-24T03:00:00Z,EDM,SJS,false,1509.0794,1461.5838,-19.9956,0.412435,0.079279,0.037261,0.037261,0.071863,0.361901,0.471025,0.225664
2026020824,2027-01-24,2027-01-24T20:00:00Z,BUF,WPG,false,1542.3894,1491.7087,-23.1807,0.416716,0.079569,0.037226,0.037226,0.071432,0.357832,0.466489,0.225452
2026020825,2027-01-24,2027-01-24T22:00:00Z,ANA,CBJ,false,1489.3908,1493.8629,31.9721,0.344794,0.072963,0.037076,0.037076,0.077432,0.430659,0.545167,0.224546
2026020826,2027-01-24,2027-01-24T22:00:00Z,DAL,COL,false,1545.3332,1560.9154,43.0822,0.330999,0.071267,0.036854,0.036854,0.078226,0.445801,0.560880,0.223200
2026020827,2027-01-24,2027-01-24T23:00:00Z,LAK,FLA,false,1483.4393,1502.3069,46.3676,0.326972,0.070745,0.036776,0.036776,0.078432,0.450299,0.565507,0.222730
2026020828,2027-01-24,2027-01-25T00:00:00Z,WSH,NJD,false,1519.6010,1499.3772,7.2761,0.376360,0.076321,0.037341,0.037341,0.075149,0.397487,0.509977,0.226153
2026020829,2027-01-24,2027-01-25T00:00:00Z,VGK,CHI,false,1500.3607,1427.1552,-45.7055,0.447309,0.081260,0.036828,0.036828,0.068130,0.329645,0.434603,0.223046
2026020830,2027-01-25,2027-01-26T00:00:00Z,PIT,DET,false,1495.4146,1491.1622,23.2477,0.355810,0.074217,0.037206,0.037206,0.076705,0.418855,0.532767,0.225334
2026020831,2027-01-25,2027-01-26T00:00:00Z,SEA,NYR,false,1458.2032,1473.0095,42.3063,0.331954,0.071389,0.036871,0.036871,0.078175,0.444740,0.559787,0.223306
2026020832,2027-01-25,2027-01-26T00:30:00Z,CAR,OTT,false,1557.3969,1523.8346,-6.0622,0.393864,0.077873,0.037351,0.037351,0.073636,0.379925,0.490912,0.226211
2026020833,2027-01-25,2027-01-26T02:00:00Z,MIN,UTA,false,1522.1862,1503.4991,8.8129,0.374363,0.076130,0.037334,0.037334,0.075311,0.399528,0.512173,0.226109
2026020834,2027-01-26,2027-01-27T00:00:00Z,CBJ,BOS,false,1493.8629,1509.7025,43.3396,0.330683,0.071226,0.036848,0.036848,0.078242,0.446153,0.561243,0.223164
2026020835,2027-01-26,2027-01-27T00:00:00Z,CGY,TOR,false,1475.2226,1471.5008,23.7781,0.355136,0.074143,0.037199,0.037199,0.076752,0.419571,0.533522,0.225293
2026020836,2027-01-26,2027-01-27T00:00:00Z,CAR,MTL,false,1557.3969,1532.1819,2.2850,0.382876,0.076925,0.037356,0.037356,0.074605,0.390883,0.502844,0.226241
2026020837,2027-01-26,2027-01-27T00:00:00Z,LAK,TBL,false,1483.4393,1543.2239,87.2847,0.279011,0.063622,0.035375,0.035375,0.079871,0.506747,0.621993,0.214242
2026020838,2027-01-26,2027-01-27T00:00:00Z,SEA,NJD,false,1458.2032,1499.3772,68.6740,0.300303,0.066993,0.036109,0.036109,0.079478,0.481008,0.596595,0.218688
2026020839,2027-01-26,2027-01-27T00:00:00Z,FLA,PHI,false,1502.3069,1506.5774,31.7705,0.345047,0.072992,0.037079,0.037079,0.077416,0.430386,0.544881,0.224567
2026020840,2027-01-26,2027-01-27T00:00:00Z,NYI,PIT,false,1497.7819,1495.4146,25.1327,0.353417,0.073952,0.037181,0.037181,0.076870,0.421398,0.535450,0.225184
2026020841,2027-01-26,2027-01-27T01:00:00Z,CHI,STL,false,1427.1552,1500.9569,101.3018,0.263585,0.060972,0.034723,0.034723,0.079879,0.526117,0.640720,0.210298
2026020842,2027-01-26,2027-01-27T01:00:00Z,VGK,NSH,false,1500.3607,1482.5060,9.6454,0.373282,0.076025,0.037330,0.037330,0.075398,0.400635,0.513363,0.226083
2026020843,2027-01-26,2027-01-27T01:00:00Z,ANA,DAL,false,1489.3908,1545.3332,83.4424,0.283332,0.064333,0.035539,0.035539,0.079826,0.501432,0.616796,0.215236
2026020844,2027-01-26,2027-01-27T01:00:00Z,VAN,MIN,false,1429.1356,1522.1862,120.5506,0.243295,0.057222,0.033704,0.033704,0.079494,0.552582,0.665779,0.204123
2026020845,2027-01-26,2027-01-27T02:00:00Z,EDM,COL,false,1509.0794,1560.9154,79.3360,0.287994,0.065085,0.035707,0.035707,0.079757,0.495751,0.611214,0.216255
2026020846,2027-01-27,2027-01-28T00:30:00Z,TOR,DET,false,1471.5008,1491.1622,47.1615,0.326003,0.070618,0.036756,0.036756,0.078480,0.451387,0.566623,0.222611
2026020847,2027-01-27,2027-01-28T00:30:00Z,FLA,NYR,false,1502.3069,1473.0095,-1.7974,0.388236,0.077398,0.037358,0.037358,0.074140,0.385510,0.497008,0.226255
2026020848,2027-01-27,2027-01-28T02:00:00Z,BUF,UTA,false,1542.3894,1503.4991,-11.3903,0.400933,0.078437,0.037328,0.037328,0.072981,0.372992,0.483301,0.226075
2026020851,2027-01-28,2027-01-28T23:30:00Z,NYI,CAR,false,1497.7819,1557.3969,87.1150,0.279201,0.063653,0.035382,0.035382,0.079870,0.506512,0.621764,0.214287
2026020849,2027-01-28,2027-01-29T00:00:00Z,BOS,OTT,false,1509.7025,1523.8346,41.6321,0.332784,0.071494,0.036886,0.036886,0.078131,0.443818,0.558835,0.223397
2026020852,2027-01-28,2027-01-29T00:00:00Z,WPG,CBJ,false,1491.7087,1493.8629,29.6542,0.347706,0.073303,0.037114,0.037114,0.077247,0.427515,0.541877,0.224779
2026020850,2027-01-28,2027-01-29T00:30:00Z,LAK,PHI,false,1483.4393,1506.5774,50.6381,0.321774,0.070055,0.036667,0.036667,0.078680,0.456156,0.571504,0.222069
2026020853,2027-01-28,2027-01-29T01:00:00Z,COL,STL,false,1560.9154,1500.9569,-32.4585,0.429255,0.080342,0.037094,0.037094,0.070124,0.346092,0.453310,0.224652
2026020854,2027-01-28,2027-01-29T01:00:00Z,VAN,DAL,false,1429.1356,1545.3332,143.6976,0.220307,0.052616,0.032310,0.032310,0.078444,0.584014,0.694767,0.195679
2026020855,2027-01-28,2027-01-29T01:00:00Z,MTL,CGY,false,1532.1819,1475.2226,-29.4593,0.425191,0.080103,0.037141,0.037141,0.070555,0.349868,0.457564,0.224940
2026020856,2027-01-28,2027-01-29T01:00:00Z,NJD,EDM,false,1499.3772,1509.0794,37.2022,0.338267,0.072177,0.036979,0.036979,0.077824,0.437773,0.552577,0.223960
2026020857,2027-01-28,2027-01-29T02:00:00Z,SEA,MIN,false,1458.2032,1522.1862,91.4831,0.274334,0.062837,0.035188,0.035188,0.079899,0.512553,0.627641,0.213112
2026020858,2027-01-28,2027-01-29T03:00:00Z,BUF,VGK,false,1542.3894,1500.3607,-14.5288,0.405116,0.078755,0.037308,0.037308,0.072582,0.368931,0.478821,0.225953
2026020859,2027-01-28,2027-01-29T03:00:00Z,CHI,ANA,false,1427.1552,1489.3908,89.7356,0.276275,0.063164,0.035267,0.035267,0.079890,0.510137,0.625294,0.213588
2026020860,2027-01-28,2027-01-29T03:00:00Z,NSH,SJS,false,1482.5060,1461.5838,6.5778,0.377269,0.076407,0.037344,0.037344,0.075074,0.396561,0.508979,0.226170
2026020861,2027-01-29,2027-01-30T00:00:00Z,FLA,DET,false,1502.3069,1491.1622,16.3554,0.364620,0.075156,0.037281,0.037281,0.076069,0.409593,0.522943,0.225787
2026020862,2027-01-29,2027-01-30T00:00:00Z,NYR,PIT,false,1473.0095,1495.4146,49.9051,0.322663,0.070175,0.036686,0.036686,0.078639,0.455150,0.570476,0.222186
2026020863,2027-01-29,2027-01-30T02:00:00Z,WSH,UTA,false,1519.6010,1503.4991,11.3981,0.371012,0.075803,0.037319,0.037319,0.075578,0.402969,0.515866,0.226019
2026020864,2027-01-30,2027-01-30T18:00:00Z,WPG,PHI,false,1491.7087,1506.5774,42.3687,0.331877,0.071379,0.036870,0.036870,0.078179,0.444825,0.559874,0.223298
2026020865,2027-01-30,2027-01-30T20:30:00Z,VAN,STL,false,1429.1356,1500.9569,99.3213,0.265732,0.061351,0.034820,0.034820,0.079893,0.523384,0.638097,0.210884
2026020866,2027-01-30,2027-01-30T20:30:00Z,NJD,CGY,false,1499.3772,1475.2226,3.3454,0.381488,0.076799,0.037354,0.037354,0.074723,0.392283,0.504359,0.226229
2026020867,2027-01-30,2027-01-30T21:00:00Z,CHI,SJS,false,1427.1552,1461.5838,61.9287,0.308240,0.068164,0.036336,0.036336,0.079227,0.471697,0.587260,0.220063
2026020868,2027-01-30,2027-01-30T22:00:00Z,BUF,COL,false,1542.3894,1560.9154,46.0260,0.327389,0.070800,0.036784,0.036784,0.078411,0.449831,0.565026,0.222780
2026020869,2027-01-30,2027-01-31T00:00:00Z,TOR,BOS,false,1471.5008,1509.7025,65.7018,0.303787,0.067513,0.036211,0.036211,0.079374,0.476903,0.592489,0.219310
2026020870,2027-01-30,2027-01-31T00:00:00Z,NYR,OTT,false,1473.0095,1523.8346,78.3251,0.289148,0.065268,0.035747,0.035747,0.079736,0.494352,0.609836,0.216499
2026020871,2027-01-30,2027-01-31T00:00:00Z,NYI,TBL,false,1497.7819,1543.2239,72.9420,0.295341,0.066237,0.035954,0.035954,0.079607,0.486907,0.602468,0.217752
2026020872,2027-01-30,2027-01-31T00:00:00Z,LAK,CAR,false,1483.4393,1557.3969,101.4576,0.263417,0.060942,0.034716,0.034716,0.079878,0.526332,0.640926,0.210251
2026020873,2027-01-30,2027-01-31T00:00:00Z,DET,CBJ,false,1491.1622,1493.8629,30.2007,0.347018,0.073223,0.037106,0.037106,0.077291,0.428256,0.542653,0.224726
2026020874,2027-01-30,2027-01-31T00:00:00Z,MTL,EDM,false,1532.1819,1509.0794,4.3975,0.380113,0.076672,0.037351,0.037351,0.074838,0.393673,0.505863,0.226214
2026020875,2027-01-30,2027-01-31T02:00:00Z,DAL,MIN,false,1545.3332,1522.1862,4.3530,0.380171,0.076678,0.037351,0.037351,0.074834,0.393615,0.505800,0.226214
2026020876,2027-01-30,2027-01-31T03:00:00Z,WSH,VGK,false,1519.6010,1500.3607,8.2596,0.375081,0.076199,0.037337,0.037337,0.075253,0.398793,0.511383,0.226126
2026020877,2027-01-30,2027-01-31T03:00:00Z,NSH,ANA,false,1482.5060,1489.3908,34.3848,0.341776,0.072603,0.037033,0.037033,0.077617,0.433938,0.548588,0.224286
2026020878,2027-01-31,2027-01-31T17:00:00Z,PHI,PIT,false,1506.5774,1495.4146,16.3372,0.364643,0.075159,0.037281,0.037281,0.076067,0.409569,0.522917,0.225788
2026020879,2027-01-31,2027-01-31T21:00:00Z,NJD,SEA,false,1499.3772,1458.2032,-13.6740,0.403976,0.078669,0.037314,0.037314,0.072691,0.370035,0.480041,0.225989
2026020880,2027-01-31,2027-02-01T01:00:00Z,NSH,UTA,false,1482.5060,1503.4991,48.4931,0.324380,0.070404,0.036723,0.036723,0.078558,0.453213,0.568494,0.222408
2026020881,2027-02-01,2027-02-01T19:00:00Z,NYI,FLA,false,1497.7819,1502.3069,32.0250,0.344728,0.072955,0.037075,0.037075,0.077436,0.430731,0.545242,0.224541
2026020882,2027-02-01,2027-02-02T00:30:00Z,VGK,CGY,false,1500.3607,1475.2226,2.3620,0.382775,0.076915,0.037356,0.037356,0.074614,0.390984,0.502954,0.226241
2026020883,2027-02-01,2027-02-02T01:30:00Z,MTL,VAN,false,1532.1819,1429.1356,-75.5463,0.488405,0.082502,0.035914,0.035914,0.063177,0.294089,0.393179,0.217506
2026020884,2027-02-02,2027-02-02T23:00:00Z,WPG,WSH,false,1491.7087,1519.6010,55.3923,0.316038,0.069270,0.036535,0.036535,0.078930,0.462692,0.578157,0.221270
2026020885,2027-02-02,2027-02-03T00:00:00Z,TBL,PIT,false,1543.2239,1495.4146,-20.3094,0.412856,0.079308,0.037257,0.037257,0.071821,0.361500,0.470578,0.225644
2026020886,2027-02-02,2027-02-03T02:00:00Z,NSH,UTA,false,1482.5060,1503.4991,48.4931,0.324380,0.070404,0.036723,0.036723,0.078558,0.453213,0.568494,0.222408
2026020887,2027-02-03,2027-02-04T00:00:00Z,NYI,BUF,false,1497.7819,1542.3894,72.1075,0.296308,0.066386,0.035985,0.035985,0.079583,0.485754,0.601322,0.217939
2026020888,2027-02-03,2027-02-04T00:00:00Z,WSH,FLA,false,1519.6010,1502.3069,10.2058,0.372556,0.075955,0.037327,0.037327,0.075456,0.401381,0.514163,0.226064
2026020889,2027-02-03,2027-02-04T00:30:00Z,WPG,NYR,false,1491.7087,1473.0095,8.8008,0.374378,0.076132,0.037334,0.037334,0.075310,0.399512,0.512156,0.226110
2026020890,2027-02-03,2027-02-04T00:30:00Z,TBL,PHI,false,1543.2239,1506.5774,-9.1466,0.397951,0.078204,0.037340,0.037340,0.073260,0.375905,0.486506,0.226144
2026020891,2027-02-03,2027-02-04T02:00:00Z,UTA,CGY,false,1503.4991,1475.2226,-0.7765,0.386893,0.077281,0.037358,0.037358,0.074258,0.386851,0.498467,0.226256
2026020892,2027-02-03,2027-02-04T02:00:00Z,VGK,EDM,false,1500.3607,1509.0794,36.2188,0.339490,0.072327,0.036999,0.036999,0.077753,0.436434,0.551185,0.224077
2026020893,2027-02-03,2027-02-04T02:00:00Z,NJD,VAN,false,1499.3772,1429.1356,-42.7416,0.443256,0.081073,0.036895,0.036895,0.068588,0.333292,0.438775,0.223452
2026020894,2027-02-03,2027-02-04T02:40:00Z,MTL,SEA,false,1532.1819,1458.2032,-46.4787,0.448368,0.081306,0.036810,0.036810,0.068009,0.328697,0.433516,0.222935
2026020895,2027-02-08,2027-02-09T00:30:00Z,CBJ,TOR,false,1493.8629,1471.5008,5.1378,0.379146,0.076583,0.037349,0.037349,0.074919,0.394653,0.506921,0.226200
2026020896,2027-02-08,2027-02-09T01:00:00Z,LAK,DAL,false,1483.4393,1545.3332,89.3939,0.276655,0.063228,0.035282,0.035282,0.079888,0.509665,0.624835,0.213680
2026020897,2027-02-09,2027-02-10T00:00:00Z,CBJ,OTT,false,1493.8629,1523.8346,57.4717,0.313546,0.068922,0.036474,0.036474,0.079030,0.465554,0.581058,0.220900
2026020898,2027-02-09,2027-02-10T00:30:00Z,COL,CAR,false,1560.9154,1557.3969,23.9815,0.354878,0.074114,0.037197,0.037197,0.076770,0.419845,0.533811,0.225277
2026020899,2027-02-09,2027-02-10T01:00:00Z,LAK,STL,false,1483.4393,1500.9569,45.0176,0.328624,0.070961,0.036809,0.036809,0.078349,0.448449,0.563607,0.222927
2026020900,2027-02-09,2027-02-10T03:00:00Z,DET,ANA,false,1491.1622,1489.3908,25.7286,0.352662,0.073867,0.037173,0.037173,0.076921,0.422203,0.536297,0.225135
2026020901,2027-02-10,2027-02-11T00:30:00Z,BOS,TOR,false,1509.7025,1471.5008,-10.7018,0.400017,0.078366,0.037332,0.037332,0.073067,0.373885,0.484284,0.226098
2026020902,2027-02-10,2027-02-11T03:00:00Z,CHI,SJS,false,1427.1552,1461.5838,61.9287,0.308240,0.068164,0.036336,0.036336,0.079227,0.471697,0.587260,0.220063
2026020903,2027-02-11,2027-02-12T00:00:00Z,OTT,CBJ,false,1523.8346,1493.8629,-2.4717,0.389124,0.077475,0.037358,0.037358,0.074062,0.384625,0.496044,0.226252
2026020904,2027-02-11,2027-02-12T00:30:00Z,MIN,CAR,false,1522.1862,1557.3969,62.7107,0.307314,0.068030,0.036311,0.036311,0.079259,0.472775,0.588345,0.219910
2026020905,2027-02-11,2027-02-12T03:00:00Z,CHI,ANA,false,1427.1552,1489.3908,89.7356,0.276275,0.063164,0.035267,0.035267,0.079890,0.510137,0.625294,0.213588
2026020906,2027-02-11,2027-02-12T03:00:00Z,DET,LAK,false,1491.1622,1483.4393,19.7771,0.360235,0.074696,0.037247,0.037247,0.076392,0.414184,0.527822,0.225581
2026020907,2027-02-12,2027-02-13T00:00:00Z,DAL,TBL,false,1545.3332,1543.2239,25.3907,0.353090,0.073915,0.037178,0.037178,0.076892,0.421747,0.535817,0.225163
2026020908,2027-02-12,2027-02-13T00:00:00Z,COL,FLA,false,1560.9154,1502.3069,-31.1085,0.427425,0.080236,0.037116,0.037116,0.070319,0.347790,0.455224,0.224785
2026020909,2027-02-12,2027-02-13T00:00:00Z,NYI,NYR,false,1497.7819,1473.0095,2.7276,0.382296,0.076872,0.037355,0.037355,0.074654,0.391467,0.503476,0.226237
2026020910,2027-02-12,2027-02-13T01:00:00Z,STL,EDM,false,1500.9569,1509.0794,35.6225,0.340232,0.072417,0.037010,0.037010,0.077709,0.435622,0.550341,0.224146
2026020911,2027-02-12,2027-02-13T02:00:00Z,CGY,UTA,false,1475.2226,1503.4991,55.7765,0.315577,0.069206,0.036524,0.036524,0.078949,0.463220,0.578693,0.221203
2026020912,2027-02-13,2027-02-13T18:00:00Z,WSH,MTL,false,1519.6010,1532.1819,40.0809,0.334699,0.071735,0.036920,0.036920,0.078026,0.441700,0.556646,0.223601
2026020913,2027-02-13,2027-02-13T18:00:00Z,ANA,NSH,false,1489.3908,1482.5060,20.6152,0.359164,0.074581,0.037238,0.037238,0.076469,0.415311,0.529017,0.225525
2026020914,2027-02-13,2027-02-13T21:00:00Z,DET,SJS,false,1491.1622,1461.5838,-2.0784,0.388606,0.077430,0.037358,0.037358,0.074108,0.385141,0.496606,0.226253
2026020915,2027-02-13,2027-02-13T23:00:00Z,DAL,FLA,false,1545.3332,1502.3069,-15.5264,0.406449,0.078853,0.037301,0.037301,0.072453,0.367644,0.477398,0.225907
2026020916,2027-02-13,2027-02-13T23:00:00Z,CHI,LAK,false,1427.1552,1483.4393,83.7841,0.282946,0.064270,0.035524,0.035524,0.079831,0.501905,0.617260,0.215149
2026020917,2027-02-13,2027-02-14T00:00:00Z,CBJ,BOS,false,1493.8629,1509.7025,43.3396,0.330683,0.071226,0.036848,0.036848,0.078242,0.446153,0.561243,0.223164
2026020918,2027-02-13,2027-02-14T00:00:00Z,TOR,OTT,false,1471.5008,1523.8346,79.8339,0.287426,0.064994,0.035687,0.035687,0.079766,0.496439,0.611893,0.216134
2026020919,2027-02-13,2027-02-14T00:00:00Z,COL,TBL,false,1560.9154,1543.2239,9.8085,0.373071,0.076005,0.037329,0.037329,0.075415,0.400852,0.513596,0.226077
2026020920,2027-02-13,2027-02-14T00:00:00Z,MIN,NYI,false,1522.1862,1497.7819,3.0957,0.381815,0.076828,0.037354,0.037354,0.074695,0.391953,0.504002,0.226232
2026020921,2027-02-13,2027-02-14T00:00:00Z,BUF,CAR,false,1542.3894,1557.3969,42.5075,0.331706,0.071357,0.036867,0.036867,0.078188,0.445015,0.560070,0.223279
2026020922,2027-02-13,2027-02-14T00:00:00Z,PIT,EDM,false,1495.4146,1509.0794,41.1648,0.333361,0.071567,0.036897,0.036897,0.078099,0.443180,0.558176,0.223460
2026020923,2027-02-13,2027-02-14T00:30:00Z,NJD,PHI,false,1499.3772,1506.5774,34.7002,0.341382,0.072556,0.037027,0.037027,0.077640,0.434367,0.549035,0.224251
2026020924,2027-02-13,2027-02-14T03:00:00Z,WPG,VAN,false,1491.7087,1429.1356,-35.0731,0.432806,0.080540,0.037048,0.037048,0.069741,0.342816,0.449606,0.224378
2026020925,2027-02-13,2027-02-14T03:00:00Z,CGY,VGK,false,1475.2226,1500.3607,52.6380,0.319355,0.069727,0.036613,0.036613,0.078789,0.458904,0.574305,0.221741
2026020926,2027-02-13,2027-02-14T03:00:00Z,STL,SEA,false,1500.9569,1458.2032,-15.2538,0.406085,0.078826,0.037303,0.037303,0.072488,0.367996,0.477786,0.225920
2026020927,2027-02-14,2027-02-14T18:00:00Z,NYR,MTL,false,1473.0095,1532.1819,86.6724,0.279697,0.063735,0.035401,0.035401,0.079865,0.505900,0.621167,0.214403
2026020928,2027-02-14,2027-02-14T18:00:00Z,UTA,WSH,false,1503.4991,1519.6010,43.6019,0.330360,0.071185,0.036842,0.036842,0.078259,0.446512,0.561613,0.223128
2026020929,2027-02-15,2027-02-15T19:00:00Z,ANA,BOS,false,1489.3908,1509.7025,47.8117,0.325210,0.070514,0.036740,0.036740,0.078518,0.452278,0.567537,0.222512
2026020930,2027-02-15,2027-02-15T20:00:00Z,UTA,NYI,false,1503.4991,1497.7819,21.7828,0.357675,0.074420,0.037224,0.037224,0.076574,0.416882,0.530680,0.225443
2026020932,2027-02-15,2027-02-15T20:00:00Z,CBJ,COL,false,1493.8629,1560.9154,94.5525,0.270946,0.062258,0.035047,0.035047,0.079906,0.516796,0.631750,0.212258
2026020933,2027-02-15,2027-02-15T21:00:00Z,PIT,SEA,false,1495.4146,1458.2032,-9.7114,0.398701,0.078263,0.037337,0.037337,0.073190,0.375171,0.485699,0.226128
2026020931,2027-02-15,2027-02-15T23:00:00Z,BUF,NYR,false,1542.3894,1473.0095,-41.8799,0.442079,0.081017,0.036914,0.036914,0.068720,0.334355,0.439989,0.223565
2026020934,2027-02-15,2027-02-16T00:30:00Z,OTT,MIN,false,1523.8346,1522.1862,25.8516,0.352506,0.073850,0.037171,0.037171,0.076931,0.422369,0.536472,0.225124
2026020935,2027-02-15,2027-02-16T00:30:00Z,WPG,SJS,false,1491.7087,1461.5838,-2.6249,0.389326,0.077492,0.037357,0.037357,0.074044,0.384424,0.495825,0.226251
2026020936,2027-02-15,2027-02-16T01:00:00Z,PHI,STL,false,1506.5774,1500.9569,21.8796,0.357552,0.074407,0.037223,0.037223,0.076583,0.417012,0.530818,0.225436
2026020937,2027-02-15,2027-02-16T03:00:00Z,DET,VGK,false,1491.1622,1500.3607,36.6984,0.338893,0.072254,0.036989,0.036989,0.077788,0.437087,0.551864,0.224020
2026020938,2027-02-15,2027-02-16T03:00:00Z,CGY,LAK,false,1475.2226,1483.4393,35.7167,0.340115,0.072403,0.037008,0.037008,0.077716,0.435750,0.550474,0.224135
2026020939,2027-02-16,2027-02-17T00:00:00Z,CAR,TOR,false,1557.3969,1471.5008,-58.3961,0.464733,0.081929,0.036492,0.036492,0.066095,0.314260,0.416846,0.221007
2026020941,2027-02-16,2027-02-17T00:00:00Z,ANA,WSH,false,1489.3908,1519.6010,57.7102,0.313261,0.068881,0.036467,0.036467,0.079041,0.465883,0.581391,0.220856
2026020940,2027-02-16,2027-02-17T00:30:00Z,FLA,TBL,false,1502.3069,1543.2239,68.4171,0.300604,0.067038,0.036118,0.036118,0.079469,0.480654,0.596240,0.218743
2026020942,2027-02-16,2027-02-17T01:00:00Z,NJD,NSH,false,1499.3772,1482.5060,10.6289,0.372008,0.075901,0.037324,0.037324,0.075499,0.401944,0.514767,0.226048
2026020943,2027-02-16,2027-02-17T01:00:00Z,MIN,DAL,false,1522.1862,1545.3332,50.6470,0.321763,0.070054,0.036667,0.036667,0.078681,0.456169,0.571516,0.222068
2026020944,2027-02-16,2027-02-17T02:00:00Z,PIT,VAN,false,1495.4146,1429.1356,-38.7790,0.437849,0.080807,0.036978,0.036978,0.069190,0.338197,0.444365,0.223953
2026020945,2027-02-17,2027-02-18T00:30:00Z,STL,CHI,false,1500.9569,1427.1552,-46.3018,0.448125,0.081296,0.036814,0.036814,0.068037,0.328914,0.433765,0.222961
2026020946,2027-02-17,2027-02-18T00:30:00Z,LAK,WPG,false,1483.4393,1491.7087,35.7694,0.340049,0.072395,0.037007,0.037007,0.077720,0.435822,0.550549,0.224129
2026020947,2027-02-17,2027-02-18T02:00:00Z,CBJ,UTA,false,1493.8629,1503.4991,37.1362,0.338349,0.072188,0.036981,0.036981,0.077819,0.437683,0.552483,0.223968
2026020948,2027-02-17,2027-02-18T02:00:00Z,BOS,CGY,false,1509.7025,1475.2226,-6.9799,0.395078,0.077973,0.037348,0.037348,0.073525,0.378727,0.489601,0.226194
2026020949,2027-02-17,2027-02-18T02:00:00Z,COL,EDM,false,1560.9154,1509.0794,-24.3360,0.418272,0.079671,0.037212,0.037212,0.071273,0.356360,0.464845,0.225367
2026020950,2027-02-17,2027-02-18T02:40:00Z,OTT,SEA,false,1523.8346,1458.2032,-38.1315,0.436967,0.080762,0.036991,0.036991,0.069287,0.339002,0.445280,0.224031
2026020951,2027-02-18,2027-02-19T00:00:00Z,CAR,BUF,false,1557.3969,1542.3894,12.4925,0.369597,0.075662,0.037312,0.037312,0.075689,0.404428,0.517429,0.225975
2026020952,2027-02-18,2027-02-19T00:00:00Z,MTL,DET,false,1532.1819,1491.1622,-13.5197,0.403770,0.078654,0.037315,0.037315,0.072711,0.370235,0.480261,0.225995
2026020953,2027-02-18,2027-02-19T00:00:00Z,ANA,TBL,false,1489.3908,1543.2239,81.3331,0.285721,0.064720,0.035626,0.035626,0.079793,0.498514,0.613933,0.215765
2026020954,2027-02-18,2027-02-19T00:00:00Z,NJD,FLA,false,1499.3772,1502.3069,30.4297,0.346731,0.073189,0.037102,0.037102,0.077310,0.428566,0.542978,0.224703
2026020955,2027-02-18,2027-02-19T00:00:00Z,NYR,NYI,false,1473.0095,1497.7819,52.2724,0.319796,0.069787,0.036623,0.036623,0.078769,0.458402,0.573794,0.221802
2026020956,2027-02-18,2027-02-19T01:00:00Z,TOR,NSH,false,1471.5008,1482.5060,38.5053,0.336650,0.071978,0.036953,0.036953,0.077917,0.439550,0.554419,0.223801
2026020958,2027-02-18,2027-02-19T01:00:00Z,LAK,MIN,false,1483.4393,1522.1862,66.2469,0.303146,0.067418,0.036193,0.036193,0.079394,0.477656,0.593243,0.219198
2026020957,2027-02-18,2027-02-19T02:00:00Z,PHI,DAL,false,1506.5774,1545.3332,66.2558,0.303136,0.067416,0.036193,0.036193,0.079394,0.477668,0.593255,0.219196
2026020959,2027-02-18,2027-02-19T02:00:00Z,OTT,VAN,false,1523.8346,1429.1356,-67.1990,0.476871,0.082271,0.036212,0.036212,0.064619,0.303814,0.404646,0.219315
2026020960,2027-02-18,2027-02-19T03:00:00Z,CBJ,VGK,false,1493.8629,1500.3607,33.9977,0.342259,0.072661,0.037040,0.037040,0.077588,0.433411,0.548039,0.224329
2026020961,2027-02-19,2027-02-20T00:00:00Z,SJS,WSH,false,1461.5838,1519.6010,85.5172,0.280994,0.063950,0.035451,0.035451,0.079853,0.504302,0.619606,0.214704
2026020962,2027-02-19,2027-02-20T00:00:00Z,DET,CAR,false,1491.1622,1557.3969,93.7347,0.271846,0.062412,0.035085,0.035085,0.079906,0.515666,0.630657,0.212488
2026020963,2027-02-19,2027-02-20T00:00:00Z,STL,WPG,false,1500.9569,1491.7087,18.2518,0.362187,0.074903,0.037263,0.037263,0.076249,0.412136,0.525648,0.225678
2026020964,2027-02-19,2027-02-20T01:00:00Z,PIT,CGY,false,1495.4146,1475.2226,7.3080,0.376319,0.076317,0.037341,0.037341,0.075152,0.397529,0.510023,0.226152
2026020965,2027-02-19,2027-02-20T01:00:00Z,BOS,EDM,false,1509.7025,1509.0794,26.8769,0.351209,0.073704,0.037157,0.037157,0.077018,0.423755,0.537930,0.225036
2026020966,2027-02-19,2027-02-20T02:00:00Z,SEA,UTA,false,1458.2032,1503.4991,72.7960,0.295510,0.066263,0.035960,0.035960,0.079603,0.486705,0.602267,0.217785
2026020967,2027-02-20,2027-02-20T17:30:00Z,NYR,PHI,false,1473.0095,1506.5774,61.0679,0.309261,0.068312,0.036363,0.036363,0.079191,0.470510,0.586064,0.220229
2026020968,2027-02-20,2027-02-20T18:30:00Z,BUF,NJD,false,1542.3894,1499.3772,-15.5123,0.406430,0.078852,0.037301,0.037301,0.072454,0.367662,0.477418,0.225908
2026020969,2027-02-20,2027-02-20T20:00:00Z,MIN,CHI,false,1522.1862,1427.1552,-67.5311,0.477329,0.082282,0.036201,0.036201,0.064563,0.303424,0.404188,0.219246
2026020970,2027-02-20,2027-02-20T22:00:00Z,ANA,FLA,false,1489.3908,1502.3069,40.4161,0.334285,0.071683,0.036913,0.036913,0.078049,0.442157,0.557119,0.223558
2026020971,2027-02-20,2027-02-20T22:00:00Z,NSH,CBJ,false,1482.5060,1493.8629,38.8569,0.336214,0.071924,0.036946,0.036946,0.077941,0.440029,0.554916,0.223757
2026020972,2027-02-20,2027-02-21T00:00:00Z,NYI,MTL,false,1497.7819,1532.1819,61.9000,0.308274,0.068169,0.036337,0.036337,0.079226,0.471657,0.587220,0.220068
2026020973,2027-02-20,2027-02-21T00:00:00Z,TOR,TBL,false,1471.5008,1543.2239,99.2232,0.265839,0.061370,0.034825,0.034825,0.079894,0.523248,0.637967,0.210913
2026020974,2027-02-20,2027-02-21T01:00:00Z,VGK,DAL,true,1500.3607,1545.3332,72.4726,0.295884,0.066321,0.035972,0.035972,0.079593,0.486258,0.601823,0.217857
2026020975,2027-02-20,2027-02-21T03:00:00Z,COL,VAN,false,1560.9154,1429.1356,-104.2798,0.528127,0.082599,0.034651,0.034651,0.057958,0.262013,0.354622,0.209860
2026020976,2027-02-20,2027-02-21T03:30:00Z,SEA,LAK,false,1458.2032,1483.4393,52.7361,0.319236,0.069711,0.036610,0.036610,0.078794,0.459039,0.574443,0.221725
2026020977,2027-02-21,2027-02-21T18:00:00Z,NYR,CAR,false,1473.0095,1557.3969,111.8874,0.252297,0.058922,0.034180,0.034180,0.079723,0.540698,0.654601,0.207005
2026020978,2027-02-21,2027-02-21T20:30:00Z,BUF,DET,false,1542.3894,1491.1622,-23.7272,0.417452,0.079617,0.037219,0.037219,0.071357,0.357135,0.465712,0.225412
2026020983,2027-02-21,2027-02-21T22:00:00Z,PIT,WPG,false,1495.4146,1491.7087,23.7942,0.355116,0.074140,0.037199,0.037199,0.076753,0.419592,0.533545,0.225292
2026020979,2027-02-21,2027-02-21T23:00:00Z,NJD,CHI,false,1499.3772,1427.1552,-44.7220,0.445964,0.081199,0.036851,0.036851,0.068283,0.330853,0.435986,0.223184
2026020980,2027-02-21,2027-02-21T23:00:00Z,SJS,FLA,false,1461.5838,1502.3069,68.2230,0.300831,0.067072,0.036125,0.036125,0.079463,0.480385,0.595973,0.218784
2026020981,2027-02-21,2027-02-21T23:00:00Z,NSH,WSH,false,1482.5060,1519.6010,64.5950,0.305089,0.067705,0.036249,0.036249,0.079333,0.475376,0.590957,0.219535
2026020982,2027-02-21,2027-02-21T23:00:00Z,UTA,STL,false,1503.4991,1500.9569,24.9578,0.353639,0.073977,0.037184,0.037184,0.076855,0.421162,0.535201,0.225199
2026020984,2027-02-21,2027-02-22T00:00:00Z,OTT,CGY,false,1523.8346,1475.2226,-21.1120,0.413934,0.079382,0.037249,0.037249,0.071713,0.360473,0.469435,0.225593
2026020985,2027-02-21,2027-02-22T01:00:00Z,BOS,VAN,false,1509.7025,1429.1356,-53.0669,0.457404,0.081673,0.036643,0.036643,0.066963,0.320675,0.424281,0.221922
2026020986,2027-02-22,2027-02-22T19:00:00Z,MTL,PHI,false,1532.1819,1506.5774,1.8955,0.383386,0.076971,0.037357,0.037357,0.074561,0.390369,0.502287,0.226245
2026020987,2027-02-22,2027-02-23T00:00:00Z,NYI,CBJ,false,1497.7819,1493.8629,23.5810,0.355387,0.074170,0.037202,0.037202,0.076735,0.419305,0.533241,0.225309
2026020988,2027-02-22,2027-02-23T00:30:00Z,OTT,EDM,false,1523.8346,1509.0794,12.7448,0.369271,0.075630,0.037310,0.037310,0.075714,0.404765,0.517789,0.225964
2026020989,2027-02-22,2027-02-23T02:00:00Z,VGK,COL,false,1500.3607,1560.9154,88.0548,0.278149,0.063478,0.035341,0.035341,0.079878,0.507812,0.623031,0.214038
2026020990,2027-02-22,2027-02-23T02:40:00Z,BOS,SEA,false,1509.7025,1458.2032,-23.9994,0.417819,0.079641,0.037216,0.037216,0.071320,0.356789,0.465324,0.225392
2026020991,2027-02-23,2027-02-24T00:00:00Z,DET,TOR,false,1491.1622,1471.5008,7.8385,0.375629,0.076252,0.037339,0.037339,0.075209,0.398234,0.510781,0.226138
2026020992,2027-02-23,2027-02-24T00:00:00Z,SJS,TBL,false,1461.5838,1543.2239,109.1401,0.255196,0.059457,0.034325,0.034325,0.079777,0.536919,0.651021,0.207884
2026020994,2027-02-23,2027-02-24T00:00:00Z,NYR,WSH,false,1473.0095,1519.6010,74.0915,0.294012,0.066031,0.035911,0.035911,0.079637,0.488497,0.604045,0.217491
2026020993,2027-02-23,2027-02-24T00:30:00Z,CAR,NJD,false,1557.3969,1499.3772,-30.5197,0.426627,0.080189,0.037125,0.037125,0.070403,0.348531,0.456059,0.224842
2026020995,2027-02-23,2027-02-24T01:00:00Z,NYI,CHI,false,1497.7819,1427.1552,-43.1268,0.443783,0.081098,0.036887,0.036887,0.068529,0.332817,0.438232,0.223401
2026020996,2027-02-23,2027-02-24T01:00:00Z,WPG,NSH,false,1491.7087,1482.5060,18.2973,0.362129,0.074896,0.037262,0.037262,0.076254,0.412197,0.525713,0.225675
2026020997,2027-02-23,2027-02-24T01:00:00Z,VAN,DAL,false,1429.1356,1545.3332,143.6976,0.220307,0.052616,0.032310,0.032310,0.078444,0.584014,0.694767,0.195679
2026020998,2027-02-23,2027-02-24T01:00:00Z,PIT,MIN,false,1495.4146,1522.1862,54.2716,0.317385,0.069457,0.036567,0.036567,0.078873,0.461150,0.576591,0.221464
2026020999,2027-02-24,2027-02-25T00:00:00Z,BUF,PHI,false,1542.3894,1506.5774,-8.3120,0.396844,0.078115,0.037343,0.037343,0.073363,0.376991,0.487698,0.226165
2026021000,2027-02-24,2027-02-25T01:00:00Z,CGY,UTA,false,1475.2226,1503.4991,55.7765,0.315577,0.069206,0.036524,0.036524,0.078949,0.463220,0.578693,0.221203
2026021001,2027-02-24,2027-02-25T02:30:00Z,FLA,VGK,false,1502.3069,1500.3607,25.5538,0.352884,0.073892,0.037176,0.037176,0.076906,0.421967,0.536049,0.225149
2026021002,2027-02-24,2027-02-25T03:00:00Z,SEA,ANA,false,1458.2032,1489.3908,58.6876,0.312094,0.068716,0.036437,0.036437,0.079086,0.467229,0.582753,0.220677
2026021003,2027-02-24,2027-02-25T03:00:00Z,MTL,LAK,false,1532.1819,1483.4393,-21.2426,0.414110,0.079394,0.037248,0.037248,0.071696,0.360306,0.469249,0.225585
2026021004,2027-02-25,2027-02-26T00:00:00Z,DET,OTT,false,1491.1622,1523.8346,60.1724,0.310325,0.068464,0.036391,0.036391,0.079152,0.469275,0.584819,0.220399
2026021005,2027-02-25,2027-02-26T00:00:00Z,TOR,PIT,false,1471.5008,1495.4146,51.4138,0.320835,0.069928,0.036646,0.036646,0.078723,0.457222,0.572591,0.221943
2026021006,2027-02-25,2027-02-26T00:00:00Z,SJS,CAR,false,1461.5838,1557.3969,123.3130,0.240470,0.056676,0.033547,0.033547,0.079401,0.556359,0.669307,0.203171
2026021007,2027-02-25,2027-02-26T01:00:00Z,WSH,BOS,false,1519.6010,1509.7025,17.6015,0.363021,0.074990,0.037269,0.037269,0.076188,0.411263,0.524720,0.225716
2026021008,2027-02-25,2027-02-26T01:00:00Z,VAN,STL,false,1429.1356,1500.9569,99.3213,0.265732,0.061351,0.034820,0.034820,0.079893,0.523384,0.638097,0.210884
2026021009,2027-02-25,2027-02-26T01:00:00Z,EDM,NSH,false,1509.0794,1482.5060,0.9266,0.384656,0.077084,0.037358,0.037358,0.074452,0.389092,0.500902,0.226252
2026021010,2027-02-25,2027-02-26T01:00:00Z,TBL,DAL,false,1543.2239,1545.3332,29.6093,0.347762,0.073309,0.037115,0.037115,0.077244,0.427454,0.541813,0.224783
2026021011,2027-02-25,2027-02-26T02:00:00Z,WPG,COL,false,1491.7087,1560.9154,96.7067,0.268583,0.061849,0.034946,0.034946,0.079904,0.519773,0.634622,0.211644
2026021013,2027-02-26,2027-02-27T00:00:00Z,PHI,NYI,false,1506.5774,1497.7819,18.7045,0.361607,0.074841,0.037258,0.037258,0.076292,0.412743,0.526293,0.225650
2026021014,2027-02-26,2027-02-27T00:00:00Z,WSH,NYR,false,1519.6010,1473.0095,-19.0915,0.411222,0.079195,0.037270,0.037270,0.071984,0.363060,0.472314,0.225718
2026021015,2027-02-26,2027-02-27T00:00:00Z,NJD,CBJ,false,1499.3772,1493.8629,21.9858,0.357416,0.074392,0.037222,0.037222,0.076593,0.417155,0.530970,0.225428
2026021012,2027-02-26,2027-02-27T00:30:00Z,OTT,BUF,false,1523.8346,1542.3894,46.0548,0.327354,0.070795,0.036784,0.036784,0.078413,0.449870,0.565067,0.222776
2026021016,2027-02-26,2027-02-27T01:00:00Z,LAK,CHI,false,1483.4393,1427.1552,-28.7841,0.424278,0.080048,0.037151,0.037151,0.070651,0.350721,0.458523,0.225001
2026021017,2027-02-26,2027-02-27T02:00:00Z,FLA,UTA,false,1502.3069,1503.4991,28.6922,0.348917,0.073442,0.037130,0.037130,0.077169,0.426212,0.540511,0.224871
2026021018,2027-02-26,2027-02-27T02:00:00Z,ANA,VGK,false,1489.3908,1500.3607,38.4698,0.336694,0.071984,0.036954,0.036954,0.077914,0.439501,0.554369,0.223805
2026021019,2027-02-27,2027-02-27T17:30:00Z,DET,BOS,false,1491.1622,1509.7025,46.0403,0.327372,0.070798,0.036784,0.036784,0.078412,0.449850,0.565046,0.222778
2026021020,2027-02-27,2027-02-27T20:00:00Z,EDM,DAL,false,1509.0794,1545.3332,63.7538,0.306082,0.067850,0.036276,0.036276,0.079301,0.474215,0.589792,0.219704
2026021021,2027-02-27,2027-02-27T21:00:00Z,MIN,STL,false,1522.1862,1500.9569,6.2707,0.377669,0.076445,0.037345,0.037345,0.075042,0.396154,0.508541,0.226177
2026021022,2027-02-27,2027-02-28T00:00:00Z,TOR,BUF,false,1471.5008,1542.3894,98.3887,0.266747,0.061529,0.034865,0.034865,0.079898,0.522096,0.636859,0.211157
2026021023,2027-02-27,2027-02-28T00:00:00Z,SJS,PHI,false,1461.5838,1506.5774,72.4935,0.295860,0.066317,0.035971,0.035971,0.079594,0.486287,0.601852,0.217853
2026021024,2027-02-27,2027-02-28T00:00:00Z,TBL,CAR,false,1543.2239,1557.3969,41.6729,0.332734,0.071488,0.036885,0.036885,0.078133,0.443874,0.558893,0.223392
2026021025,2027-02-27,2027-02-28T00:00:00Z,NYI,CBJ,false,1497.7819,1493.8629,23.5810,0.355387,0.074170,0.037202,0.037202,0.076735,0.419305,0.533241,0.225309
2026021026,2027-02-27,2027-02-28T00:00:00Z,FLA,COL,false,1502.3069,1560.9154,86.1085,0.280329,0.063840,0.035426,0.035426,0.079859,0.505120,0.620405,0.214550
2026021027,2027-02-27,2027-02-28T00:00:00Z,MTL,ANA,false,1532.1819,1489.3908,-15.2911,0.406134,0.078830,0.037303,0.037303,0.072483,0.367948,0.477733,0.225918
2026021028,2027-02-27,2027-02-28T00:00:00Z,WPG,SEA,false,1491.7087,1458.2032,-6.0056,0.393789,0.077867,0.037351,0.037351,0.073643,0.379999,0.490993,0.226212
2026021029,2027-02-27,2027-02-28T01:00:00Z,LAK,NSH,false,1483.4393,1482.5060,26.5667,0.351601,0.073748,0.037161,0.037161,0.076992,0.423336,0.537489,0.225063
2026021030,2027-02-27,2027-02-28T03:00:00Z,CGY,VAN,false,1475.2226,1429.1356,-18.5870,0.410545,0.079148,0.037274,0.037274,0.072051,0.363707,0.473033,0.225747
2026021031,2027-02-28,2027-02-28T18:00:00Z,NYR,PIT,false,1473.0095,1495.4146,49.9051,0.322663,0.070175,0.036686,0.036686,0.078639,0.455150,0.570476,0.222186
2026021032,2027-02-28,2027-02-28T20:30:00Z,NJD,MIN,false,1499.3772,1522.1862,50.3090,0.322173,0.070109,0.036676,0.036676,0.078662,0.455705,0.571042,0.222122
2026021033,2027-02-28,2027-02-28T23:30:00Z,COL,CHI,false,1560.9154,1427.1552,-106.2603,0.530858,0.082567,0.034552,0.034552,0.057587,0.259885,0.352024,0.209257
2026021034,2027-02-28,2027-03-01T00:00:00Z,UTA,TBL,false,1503.4991,1543.2239,67.2248,0.301999,0.067247,0.036159,0.036159,0.079429,0.479007,0.594595,0.218994
2026021035,2027-02-28,2027-03-01T02:00:00Z,DAL,STL,false,1545.3332,1500.9569,-16.8763,0.408254,0.078984,0.037290,0.037290,0.072277,0.365906,0.475472,0.225840
2026021036,2027-03-01,2027-03-02T00:00:00Z,DET,TOR,false,1491.1622,1471.5008,7.8385,0.375629,0.076252,0.037339,0.037339,0.075209,0.398234,0.510781,0.226138
2026021037,2027-03-01,2027-03-02T00:00:00Z,WSH,NYI,false,1519.6010,1497.7819,5.6809,0.378438,0.076517,0.037347,0.037347,0.074978,0.395372,0.507698,0.226190
2026021038,2027-03-01,2027-03-02T00:00:00Z,CAR,CBJ,false,1557.3969,1493.8629,-36.0339,0.434112,0.080611,0.037031,0.037031,0.069600,0.341616,0.448246,0.224272
2026021039,2027-03-01,2027-03-02T00:00:00Z,SEA,WPG,false,1458.2032,1491.7087,61.0056,0.309335,0.068322,0.036365,0.036365,0.079188,0.470424,0.585977,0.220241
2026021040,2027-03-01,2027-03-02T01:30:00Z,EDM,CHI,false,1509.0794,1427.1552,-54.4242,0.459269,0.081742,0.036606,0.036606,0.066744,0.319034,0.422384,0.221697
2026021041,2027-03-01,2027-03-02T03:00:00Z,ANA,LAK,false,1489.3908,1483.4393,21.5485,0.357974,0.074453,0.037227,0.037227,0.076553,0.416566,0.530347,0.225460
2026021042,2027-03-01,2027-03-02T03:00:00Z,MTL,SJS,false,1532.1819,1461.5838,-43.0981,0.443743,0.081096,0.036888,0.036888,0.068533,0.332852,0.438273,0.223405
2026021043,2027-03-02,2027-03-03T00:00:00Z,PIT,BUF,false,1495.4146,1542.3894,74.4749,0.293570,0.065963,0.035897,0.035897,0.079647,0.489027,0.604571,0.217403
2026021044,2027-03-02,2027-03-03T00:00:00Z,UTA,FLA,false,1503.4991,1502.3069,26.3078,0.351929,0.073785,0.037165,0.037165,0.076970,0.422986,0.537121,0.225085
2026021045,2027-03-02,2027-03-03T00:00:00Z,OTT,NJD,false,1523.8346,1499.3772,3.0425,0.381884,0.076835,0.037355,0.037355,0.074689,0.391883,0.503926,0.226233
2026021046,2027-03-02,2027-03-03T00:00:00Z,VGK,PHI,false,1500.3607,1506.5774,33.7167,0.342610,0.072703,0.037045,0.037045,0.077566,0.433029,0.547641,0.224360
2026021047,2027-03-02,2027-03-03T01:00:00Z,COL,NSH,false,1560.9154,1482.5060,-50.9094,0.454441,0.081559,0.036700,0.036700,0.067309,0.323291,0.427300,0.222268
2026021048,2027-03-03,2027-03-03T23:30:00Z,SEA,TOR,false,1458.2032,1471.5008,40.7976,0.333814,0.071624,0.036905,0.036905,0.078075,0.442678,0.557658,0.223508
2026021049,2027-03-03,2027-03-04T00:00:00Z,BOS,NYR,false,1509.7025,1473.0095,-9.1930,0.398013,0.078209,0.037340,0.037340,0.073255,0.375845,0.486439,0.226142
2026021050,2027-03-03,2027-03-04T00:00:00Z,CAR,WSH,false,1557.3969,1519.6010,-10.2958,0.399478,0.078324,0.037334,0.037334,0.073118,0.374412,0.484864,0.226111
2026021051,2027-03-03,2027-03-04T01:00:00Z,MIN,DAL,false,1522.1862,1545.3332,50.6470,0.321763,0.070054,0.036667,0.036667,0.078681,0.456169,0.571516,0.222068
2026021052,2027-03-03,2027-03-04T01:30:00Z,EDM,CGY,false,1509.0794,1475.2226,-6.3568,0.394253,0.077905,0.037350,0.037350,0.073601,0.379540,0.490491,0.226206
2026021053,2027-03-03,2027-03-04T03:00:00Z,CHI,VAN,false,1427.1552,1429.1356,29.4805,0.347925,0.073328,0.037117,0.037117,0.077233,0.427280,0.541630,0.224796
2026021054,2027-03-03,2027-03-04T03:00:00Z,TBL,LAK,false,1543.2239,1483.4393,-32.2847,0.429020,0.080328,0.037096,0.037096,0.070149,0.346311,0.453556,0.224670
2026021055,2027-03-03,2027-03-04T03:00:00Z,CBJ,SJS,false,1493.8629,1461.5838,-4.7791,0.392168,0.077732,0.037354,0.037354,0.073790,0.381602,0.492746,0.226230
2026021059,2027-03-04,2027-03-04T23:00:00Z,NJD,DET,false,1499.3772,1491.1622,19.2851,0.360864,0.074763,0.037252,0.037252,0.076346,0.413523,0.527121,0.225613
2026021056,2027-03-04,2027-03-05T00:00:00Z,STL,BUF,false,1500.9569,1542.3894,68.9325,0.300002,0.066947,0.036100,0.036100,0.079486,0.481366,0.596951,0.218633
2026021057,2027-03-04,2027-03-05T00:00:00Z,SEA,MTL,false,1458.2032,1532.1819,101.4787,0.263394,0.060938,0.034715,0.034715,0.079878,0.526361,0.640954,0.210245
2026021058,2027-03-04,2027-03-05T00:00:00Z,BOS,OTT,false,1509.7025,1523.8346,41.6321,0.332784,0.071494,0.036886,0.036886,0.078131,0.443818,0.558835,0.223397
2026021061,2027-03-04,2027-03-05T00:00:00Z,VGK,NYI,false,1500.3607,1497.7819,24.9213,0.353685,0.073982,0.037184,0.037184,0.076851,0.421113,0.535149,0.225202
2026021062,2027-03-04,2027-03-05T01:00:00Z,UTA,NSH,false,1503.4991,1482.5060,6.5069,0.377362,0.076416,0.037344,0.037344,0.075067,0.396467,0.508878,0.226172
2026021060,2027-03-04,2027-03-05T01:30:00Z,PIT,FLA,false,1495.4146,1502.3069,34.3923,0.341767,0.072602,0.037033,0.037033,0.077617,0.433948,0.548598,0.224286
2026021063,2027-03-05,2027-03-06T00:00:00Z,VGK,NJD,false,1500.3607,1499.3772,26.5165,0.351665,0.073755,0.037162,0.037162,0.076988,0.423268,0.537418,0.225067
2026021064,2027-03-05,2027-03-06T00:00:00Z,DAL,PHI,false,1545.3332,1506.5774,-11.2558,0.400754,0.078424,0.037329,0.037329,0.072998,0.373166,0.483493,0.226080
2026021065,2027-03-05,2027-03-06T00:00:00Z,TOR,CAR,false,1471.5008,1557.3969,113.3961,0.250714,0.058628,0.034099,0.034099,0.079690,0.542771,0.656560,0.206515
2026021066,2027-03-05,2027-03-06T00:00:00Z,WSH,WPG,false,1519.6010,1491.7087,-0.3923,0.386388,0.077237,0.037358,0.037358,0.074302,0.387356,0.499016,0.226256
2026021067,2027-03-05,2027-03-06T01:00:00Z,CHI,CGY,false,1427.1552,1475.2226,75.5675,0.292311,0.065767,0.035855,0.035855,0.079674,0.490538,0.606067,0.217151
2026021068,2027-03-05,2027-03-06T03:00:00Z,TBL,ANA,false,1543.2239,1489.3908,-26.3331,0.420966,0.079843,0.037186,0.037186,0.070996,0.353823,0.462005,0.225211
2026021069,2027-03-05,2027-03-06T03:00:00Z,CBJ,LAK,false,1493.8629,1483.4393,17.0764,0.363694,0.075060,0.037274,0.037274,0.076138,0.410559,0.523971,0.225747
2026021070,2027-03-05,2027-03-06T03:00:00Z,COL,SJS,false,1560.9154,1461.5838,-71.8316,0.483270,0.082410,0.036050,0.036050,0.063824,0.298395,0.398269,0.218335
2026021071,2027-03-06,2027-03-06T17:30:00Z,PIT,BOS,false,1495.4146,1509.7025,41.7879,0.332592,0.071470,0.036883,0.036883,0.078141,0.444031,0.559055,0.223376
2026021072,2027-03-06,2027-03-06T20:00:00Z,NYR,BUF,false,1473.0095,1542.3894,96.8799,0.268393,0.061816,0.034938,0.034938,0.079903,0.520012,0.634853,0.211595
2026021073,2027-03-06,2027-03-06T20:00:00Z,SEA,OTT,false,1458.2032,1523.8346,93.1315,0.272511,0.062526,0.035113,0.035113,0.079905,0.514832,0.629850,0.212656
2026021074,2027-03-06,2027-03-07T00:00:00Z,VAN,MTL,false,1429.1356,1532.1819,130.5463,0.233177,0.055241,0.033123,0.033123,0.079117,0.566220,0.678459,0.200603
2026021075,2027-03-06,2027-03-07T00:00:00Z,DAL,DET,false,1545.3332,1491.1622,-26.6710,0.421422,0.079872,0.037181,0.037181,0.070949,0.353395,0.461525,0.225183
2026021076,2027-03-06,2027-03-07T00:00:00Z,TOR,FLA,false,1471.5008,1502.3069,58.3061,0.312549,0.068781,0.036449,0.036449,0.079069,0.466703,0.582221,0.220747
2026021077,2027-03-06,2027-03-07T01:00:00Z,MIN,NSH,false,1522.1862,1482.5060,-12.1802,0.401985,0.078518,0.037324,0.037324,0.072881,0.371968,0.482173,0.226047
2026021078,2027-03-06,2027-03-07T03:00:00Z,CHI,EDM,false,1427.1552,1509.0794,109.4242,0.254896,0.059402,0.034310,0.034310,0.079772,0.537310,0.651392,0.207794
2026021079,2027-03-06,2027-03-07T03:00:00Z,TBL,SJS,false,1543.2239,1461.5838,-54.1401,0.458878,0.081728,0.036613,0.036613,0.066790,0.319377,0.422781,0.221744
2026021080,2027-03-07,2027-03-07T18:00:00Z,PIT,NYI,false,1495.4146,1497.7819,29.8673,0.347438,0.073272,0.037111,0.037111,0.077265,0.427804,0.542180,0.224758
2026021082,2027-03-07,2027-03-07T18:00:00Z,UTA,CAR,false,1503.4991,1557.3969,81.3978,0.285648,0.064708,0.035623,0.035623,0.079794,0.498603,0.614020,0.215749
2026021083,2027-03-07,2027-03-07T19:00:00Z,CGY,WPG,false,1475.2226,1491.7087,43.9861,0.329889,0.071124,0.036833,0.036833,0.078284,0.447038,0.562154,0.223074
2026021085,2027-03-07,2027-03-07T20:00:00Z,BUF,OTT,false,1542.3894,1523.8346,8.9452,0.374191,0.076113,0.037333,0.037333,0.075325,0.399704,0.512362,0.226105
2026021081,2027-03-07,2027-03-07T20:30:00Z,STL,PHI,false,1500.9569,1506.5774,33.1204,0.343356,0.072792,0.037056,0.037056,0.077521,0.432219,0.546796,0.224425
2026021084,2027-03-07,2027-03-07T21:00:00Z,COL,LAK,false,1560.9154,1483.4393,-49.9761,0.453161,0.081508,0.036724,0.036724,0.067458,0.324426,0.428607,0.222414
2026021086,2027-03-07,2027-03-08T00:00:00Z,VGK,NYR,false,1500.3607,1473.0095,0.1489,0.385677,0.077175,0.037358,0.037358,0.074364,0.388068,0.499790,0.226255
2026021087,2027-03-07,2027-03-08T01:00:00Z,CBJ,ANA,false,1493.8629,1489.3908,23.0279,0.356090,0.074248,0.037209,0.037209,0.076686,0.418559,0.532454,0.225351
2026021088,2027-03-07,2027-03-08T02:30:00Z,WSH,MIN,false,1519.6010,1522.1862,30.0852,0.347164,0.073240,0.037108,0.037108,0.077282,0.428099,0.542489,0.224737
2026021089,2027-03-08,2027-03-09T00:00:00Z,SEA,BOS,false,1458.2032,1509.7025,78.9994,0.288378,0.065146,0.035721,0.035721,0.079750,0.495285,0.610755,0.216337
2026021090,2027-03-08,2027-03-09T00:30:00Z,DAL,TOR,false,1545.3332,1471.5008,-46.3325,0.448167,0.081297,0.036814,0.036814,0.068032,0.328876,0.433722,0.222956
2026021091,2027-03-08,2027-03-09T01:00:00Z,TBL,CHI,false,1543.2239,1427.1552,-88.5688,0.506420,0.082679,0.035385,0.035385,0.060855,0.279276,0.375516,0.214304
2026021092,2027-03-09,2027-03-10T00:00:00Z,VAN,BUF,false,1429.1356,1542.3894,140.7538,0.223144,0.053205,0.032496,0.032496,0.078611,0.580048,0.691155,0.196808
2026021093,2027-03-09,2027-03-10T00:00:00Z,NJD,FLA,false,1499.3772,1502.3069,30.4297,0.346731,0.073189,0.037102,0.037102,0.077310,0.428566,0.542978,0.224703
2026021094,2027-03-09,2027-03-10T00:00:00Z,MTL,NYI,false,1532.1819,1497.7819,-6.9000,0.394973,0.077964,0.037348,0.037348,0.073535,0.378832,0.489715,0.226196
2026021095,2027-03-09,2027-03-10T00:00:00Z,OTT,PIT,false,1523.8346,1495.4146,-0.9201,0.387082,0.077298,0.037358,0.037358,0.074242,0.386662,0.498262,0.226256
2026021096,2027-03-09,2027-03-10T00:00:00Z,CGY,WSH,false,1475.2226,1519.6010,71.8784,0.296573,0.066426,0.035993,0.035993,0.079577,0.485437,0.601007,0.217990
2026021099,2027-03-09,2027-03-10T00:00:00Z,DET,WPG,false,1491.1622,1491.7087,28.0465,0.349732,0.073536,0.037139,0.037139,0.077116,0.425338,0.539593,0.224930
2026021097,2027-03-09,2027-03-10T01:00:00Z,NSH,STL,false,1482.5060,1500.9569,45.9509,0.327481,0.070812,0.036786,0.036786,0.078407,0.449728,0.564920,0.222791
2026021098,2027-03-09,2027-03-10T01:00:00Z,CAR,MIN,false,1557.3969,1522.1862,-7.7107,0.396046,0.078051,0.037346,0.037346,0.073437,0.377775,0.488557,0.226179
2026021100,2027-03-09,2027-03-10T01:00:00Z,LAK,EDM,false,1483.4393,1509.0794,53.1401,0.318749,0.069644,0.036599,0.036599,0.078815,0.459594,0.575008,0.221657
2026021101,2027-03-09,2027-03-10T02:00:00Z,PHI,COL,false,1506.5774,1560.9154,81.8380,0.285148,0.064628,0.035605,0.035605,0.079801,0.499212,0.614619,0.215640
2026021102,2027-03-09,2027-03-10T02:00:00Z,NYR,UTA,false,1473.0095,1503.4991,57.9896,0.312927,0.068834,0.036458,0.036458,0.079054,0.466268,0.581780,0.220805
2026021103,2027-03-09,2027-03-10T03:30:00Z,SJS,VGK,false,1461.5838,1500.3607,66.2768,0.303111,0.067413,0.036192,0.036192,0.079395,0.477697,0.593284,0.219191
2026021104,2027-03-10,2027-03-11T00:30:00Z,BOS,MTL,false,1509.7025,1532.1819,49.9794,0.322573,0.070162,0.036684,0.036684,0.078643,0.455252,0.570580,0.222175
2026021105,2027-03-10,2027-03-11T01:00:00Z,WSH,CHI,false,1519.6010,1427.1552,-64.9459,0.473761,0.082193,0.036287,0.036287,0.065001,0.306470,0.407759,0.219769
2026021106,2027-03-10,2027-03-11T01:00:00Z,ANA,DAL,false,1489.3908,1545.3332,83.4424,0.283332,0.064333,0.035539,0.035539,0.079826,0.501432,0.616796,0.215236
2026021107,2027-03-11,2027-03-12T00:00:00Z,MIN,OTT,false,1522.1862,1523.8346,29.1484,0.348343,0.073376,0.037122,0.037122,0.077206,0.426830,0.541159,0.224827
2026021108,2027-03-11,2027-03-12T00:00:00Z,NJD,TBL,false,1499.3772,1543.2239,71.3468,0.297190,0.066521,0.036013,0.036013,0.079561,0.484702,0.600276,0.218108
2026021110,2027-03-11,2027-03-12T00:00:00Z,VAN,CBJ,false,1429.1356,1493.8629,92.2273,0.273510,0.062697,0.035154,0.035154,0.079902,0.513582,0.628639,0.212907
2026021112,2027-03-11,2027-03-12T00:00:00Z,TOR,WPG,false,1471.5008,1491.7087,47.7080,0.325336,0.070530,0.036743,0.036743,0.078512,0.452136,0.567391,0.222528
2026021109,2027-03-11,2027-03-12T00:30:00Z,BOS,PIT,false,1509.7025,1495.4146,13.2121,0.368668,0.075569,0.037307,0.037307,0.075761,0.405389,0.518456,0.225943
2026021111,2027-03-11,2027-03-12T01:00:00Z,SJS,STL,false,1461.5838,1500.9569,66.8731,0.302411,0.067309,0.036171,0.036171,0.079416,0.478521,0.594109,0.219068
2026021113,2027-03-11,2027-03-12T01:00:00Z,NSH,EDM,false,1482.5060,1509.0794,54.0734,0.317624,0.069490,0.036573,0.036573,0.078863,0.460877,0.576314,0.221498
2026021114,2027-03-11,2027-03-12T02:00:00Z,NYR,COL,false,1473.0095,1560.9154,115.4059,0.248615,0.058234,0.033990,0.033990,0.079641,0.545531,0.659161,0.205854
2026021115,2027-03-11,2027-03-12T02:30:00Z,LAK,SEA,false,1483.4393,1458.2032,2.2639,0.382904,0.076927,0.037356,0.037356,0.074603,0.390855,0.502813,0.226242
2026021116,2027-03-11,2027-03-12T03:00:00Z,PHI,VGK,false,1506.5774,1500.3607,21.2833,0.358312,0.074489,0.037230,0.037230,0.076529,0.416209,0.529969,0.225479
2026021117,2027-03-12,2027-03-13T00:00:00Z,BUF,DET,false,1542.3894,1491.1622,-23.7272,0.417452,0.079617,0.037219,0.037219,0.071357,0.357135,0.465712,0.225412
2026021118,2027-03-12,2027-03-13T00:00:00Z,NYI,FLA,false,1497.7819,1502.3069,32.0250,0.344728,0.072955,0.037075,0.037075,0.077436,0.430731,0.545242,0.224541
2026021119,2027-03-12,2027-03-13T00:00:00Z,CGY,CAR,false,1475.2226,1557.3969,109.6743,0.254631,0.059354,0.034297,0.034297,0.079767,0.537654,0.651718,0.207715
2026021120,2027-03-13,2027-03-13T20:00:00Z,WSH,PIT,false,1519.6010,1495.4146,3.3135,0.381530,0.076802,0.037354,0.037354,0.074719,0.392241,0.504314,0.226230
2026021121,2027-03-13,2027-03-13T20:30:00Z,NSH,WPG,false,1482.5060,1491.7087,36.7027,0.338888,0.072253,0.036989,0.036989,0.077788,0.437093,0.551870,0.224020
2026021130,2027-03-13,2027-03-13T22:00:00Z,PHI,UTA,false,1506.5774,1503.4991,24.4217,0.354319,0.074052,0.037191,0.037191,0.076808,0.420439,0.534438,0.225242
2026021122,2027-03-13,2027-03-13T23:00:00Z,CHI,COL,false,1427.1552,1560.9154,161.2603,0.203912,0.049105,0.031148,0.031148,0.077245,0.607441,0.715834,0.188647
2026021123,2027-03-13,2027-03-13T23:30:00Z,ANA,STL,false,1489.3908,1500.9569,39.0661,0.335955,0.071892,0.036941,0.036941,0.077956,0.440315,0.555212,0.223731
2026021124,2027-03-13,2027-03-14T00:00:00Z,CGY,BOS,false,1475.2226,1509.7025,61.9799,0.308180,0.068156,0.036334,0.036334,0.079229,0.471767,0.587331,0.220053
2026021125,2027-03-13,2027-03-14T00:00:00Z,VAN,TOR,false,1429.1356,1471.5008,69.8651,0.298914,0.066783,0.036066,0.036066,0.079516,0.482654,0.598237,0.218432
2026021126,2027-03-13,2027-03-14T00:00:00Z,MTL,OTT,false,1532.1819,1523.8346,19.1527,0.361033,0.074781,0.037254,0.037254,0.076334,0.413345,0.526932,0.225622
2026021127,2027-03-13,2027-03-14T00:00:00Z,NYI,TBL,false,1497.7819,1543.2239,72.9420,0.295341,0.066237,0.035954,0.035954,0.079607,0.486907,0.602468,0.217752
2026021128,2027-03-13,2027-03-14T00:00:00Z,NJD,CAR,false,1499.3772,1557.3969,85.5197,0.280991,0.063949,0.035451,0.035451,0.079853,0.504306,0.619609,0.214703
2026021129,2027-03-13,2027-03-14T00:00:00Z,SJS,CBJ,false,1461.5838,1493.8629,59.7791,0.310793,0.068531,0.036404,0.036404,0.079135,0.468733,0.584272,0.220474
2026021131,2027-03-13,2027-03-14T02:00:00Z,DAL,LAK,false,1545.3332,1483.4393,-34.3939,0.431883,0.080489,0.037060,0.037060,0.069841,0.343666,0.450567,0.224451
2026021132,2027-03-13,2027-03-14T03:00:00Z,NYR,VGK,false,1473.0095,1500.3607,54.8511,0.316688,0.069360,0.036551,0.036551,0.078903,0.461947,0.577401,0.221364
2026021133,2027-03-13,2027-03-14T03:00:00Z,EDM,SEA,false,1509.0794,1458.2032,-23.3762,0.416980,0.079586,0.037223,0.037223,0.071405,0.357583,0.466211,0.225438
2026021134,2027-03-14,2027-03-14T18:00:00Z,DET,PIT,false,1491.1622,1495.4146,31.7523,0.345070,0.072995,0.037080,0.037080,0.077415,0.430361,0.544855,0.224569
2026021135,2027-03-14,2027-03-14T20:30:00Z,ANA,CHI,false,1489.3908,1427.1552,-34.7356,0.432347,0.080515,0.037054,0.037054,0.069791,0.343238,0.450084,0.224415
2026021136,2027-03-14,2027-03-14T21:00:00Z,VAN,OTT,false,1429.1356,1523.8346,122.1990,0.241607,0.056896,0.033610,0.033610,0.079440,0.554837,0.667886,0.203557
2026021137,2027-03-14,2027-03-14T23:00:00Z,BUF,MIN,false,1542.3894,1522.1862,7.2968,0.376333,0.076319,0.037341,0.037341,0.075151,0.397514,0.510007,0.226152
2026021138,2027-03-15,2027-03-15T19:00:00Z,TBL,WSH,false,1543.2239,1519.6010,3.8771,0.380793,0.076735,0.037353,0.037353,0.074781,0.392985,0.505119,0.226222
2026021139,2027-03-15,2027-03-15T23:00:00Z,NYI,BOS,false,1497.7819,1509.7025,39.4206,0.335516,0.071837,0.036934,0.036934,0.077981,0.440798,0.555713,0.223686
2026021140,2027-03-15,2027-03-15T23:00:00Z,SJS,BUF,false,1461.5838,1542.3894,108.3056,0.256081,0.059620,0.034368,0.034368,0.079792,0.535771,0.649931,0.208148
2026021141,2027-03-15,2027-03-15T23:30:00Z,FLA,TOR,false,1502.3069,1471.5008,-3.3061,0.390224,0.077568,0.037357,0.037357,0.073964,0.383531,0.494851,0.226246
2026021142,2027-03-15,2027-03-16T01:00:00Z,DAL,UTA,false,1545.3332,1503.4991,-14.3341,0.404856,0.078735,0.037310,0.037310,0.072607,0.369182,0.479099,0.225961
2026021143,2027-03-15,2027-03-16T01:30:00Z,EDM,COL,false,1509.0794,1560.9154,79.3360,0.287994,0.065085,0.035707,0.035707,0.079757,0.495751,0.611214,0.216255
2026021144,2027-03-15,2027-03-16T01:30:00Z,NSH,CGY,false,1482.5060,1475.2226,20.2166,0.359673,0.074636,0.037242,0.037242,0.076432,0.414775,0.528449,0.225552
2026021145,2027-03-15,2027-03-16T01:40:00Z,STL,SEA,false,1500.9569,1458.2032,-15.2538,0.406085,0.078826,0.037303,0.037303,0.072488,0.367996,0.477786,0.225920
2026021146,2027-03-15,2027-03-16T02:00:00Z,WPG,VGK,false,1491.7087,1500.3607,36.1519,0.339573,0.072337,0.037000,0.037000,0.077748,0.436343,0.551090,0.224085
2026021147,2027-03-16,2027-03-16T23:00:00Z,FLA,MTL,false,1502.3069,1532.1819,57.3750,0.313662,0.068938,0.036477,0.036477,0.079026,0.465421,0.580924,0.220917
2026021148,2027-03-16,2027-03-16T23:00:00Z,OTT,NYR,false,1523.8346,1473.0095,-23.3251,0.416911,0.079582,0.037224,0.037224,0.071412,0.357648,0.466284,0.225442
2026021149,2027-03-16,2027-03-16T23:00:00Z,DET,PHI,false,1491.1622,1506.5774,42.9152,0.331204,0.071293,0.036858,0.036858,0.078215,0.445572,0.560645,0.223223
2026021150,2027-03-16,2027-03-16T23:00:00Z,PIT,CBJ,false,1495.4146,1493.8629,25.9484,0.352384,0.073836,0.037170,0.037170,0.076940,0.422500,0.536610,0.225116
2026021151,2027-03-16,2027-03-17T00:00:00Z,SJS,CHI,false,1461.5838,1427.1552,-6.9287,0.395011,0.077967,0.037348,0.037348,0.073532,0.378794,0.489674,0.226195
2026021153,2027-03-16,2027-03-17T02:00:00Z,WPG,LAK,false,1491.7087,1483.4393,19.2306,0.360934,0.074770,0.037253,0.037253,0.076341,0.413450,0.527043,0.225617
2026021152,2027-03-16,2027-03-17T02:30:00Z,CAR,ANA,false,1557.3969,1489.3908,-40.5061,0.440204,0.080926,0.036943,0.036943,0.068929,0.336055,0.441927,0.223741
2026021154,2027-03-17,2027-03-17T23:00:00Z,NYI,WSH,false,1497.7819,1519.6010,49.3191,0.323375,0.070270,0.036702,0.036702,0.078606,0.454346,0.569653,0.222279
2026021155,2027-03-17,2027-03-17T23:30:00Z,TBL,TOR,false,1543.2239,1471.5008,-44.2232,0.445281,0.081168,0.036862,0.036862,0.068360,0.331466,0.436688,0.223252
2026021156,2027-03-17,2027-03-18T00:30:00Z,MIN,COL,false,1522.1862,1560.9154,66.2292,0.303167,0.067421,0.036193,0.036193,0.079393,0.477632,0.593219,0.219201
2026021157,2027-03-17,2027-03-18T01:30:00Z,DAL,CGY,false,1545.3332,1475.2226,-42.6106,0.443077,0.081065,0.036898,0.036898,0.068608,0.333453,0.438959,0.223469
2026021158,2027-03-17,2027-03-18T02:00:00Z,NSH,VAN,false,1482.5060,1429.1356,-25.8704,0.420341,0.079804,0.037192,0.037192,0.071061,0.354411,0.462663,0.225248
2026021159,2027-03-17,2027-03-18T02:00:00Z,SEA,VGK,false,1458.2032,1500.3607,69.6575,0.299156,0.066820,0.036074,0.036074,0.079509,0.482367,0.597951,0.218477
2026021161,2027-03-18,2027-03-18T23:00:00Z,TBL,MTL,false,1543.2239,1532.1819,16.4580,0.364488,0.075143,0.037280,0.037280,0.076079,0.409730,0.523089,0.225781
2026021162,2027-03-18,2027-03-18T23:00:00Z,FLA,OTT,false,1502.3069,1523.8346,49.0278,0.323729,0.070317,0.036709,0.036709,0.078589,0.453946,0.569244,0.222325
2026021163,2027-03-18,2027-03-18T23:00:00Z,CBJ,DET,false,1493.8629,1491.1622,24.7993,0.353840,0.073999,0.037186,0.037186,0.076841,0.420948,0.534975,0.225212
2026021164,2027-03-18,2027-03-18T23:00:00Z,PIT,NJD,false,1495.4146,1499.3772,31.4626,0.345433,0.073038,0.037085,0.037085,0.077392,0.429968,0.544444,0.224599
2026021165,2027-03-18,2027-03-18T23:00:00Z,TOR,NYR,false,1471.5008,1473.0095,29.0087,0.348519,0.073396,0.037125,0.037125,0.077195,0.426641,0.540960,0.224841
2026021166,2027-03-18,2027-03-18T23:00:00Z,BOS,PHI,false,1509.7025,1506.5774,24.3749,0.354378,0.074059,0.037192,0.037192,0.076804,0.420376,0.534371,0.225246
2026021160,2027-03-18,2027-03-18T23:30:00Z,WSH,BUF,false,1519.6010,1542.3894,50.2884,0.322198,0.070112,0.036676,0.036676,0.078661,0.455676,0.571013,0.222125
2026021167,2027-03-18,2027-03-19T00:00:00Z,SJS,WPG,false,1461.5838,1491.7087,57.6249,0.313363,0.068896,0.036469,0.036469,0.079037,0.465765,0.581272,0.220872
2026021168,2027-03-18,2027-03-19T01:00:00Z,STL,EDM,false,1500.9569,1509.0794,35.6225,0.340232,0.072417,0.037010,0.037010,0.077709,0.435622,0.550341,0.224146
2026021169,2027-03-18,2027-03-19T02:00:00Z,UTA,ANA,false,1503.4991,1489.3908,13.3917,0.368436,0.075546,0.037305,0.037305,0.075779,0.405629,0.518713,0.225935
2026021170,2027-03-18,2027-03-19T02:00:00Z,CAR,LAK,false,1557.3969,1483.4393,-46.4576,0.448339,0.081305,0.036811,0.036811,0.068012,0.328723,0.433546,0.222938
2026021171,2027-03-19,2027-03-20T00:00:00Z,CGY,MIN,false,1475.2226,1522.1862,74.4636,0.293583,0.065965,0.035897,0.035897,0.079647,0.489011,0.604555,0.217406
2026021172,2027-03-19,2027-03-20T02:00:00Z,CHI,UTA,false,1427.1552,1503.4991,103.8440,0.260846,0.060483,0.034597,0.034597,0.079854,0.529624,0.644075,0.209531
2026021173,2027-03-19,2027-03-20T02:00:00Z,COL,SEA,false,1560.9154,1458.2032,-75.2123,0.487943,0.082494,0.035926,0.035926,0.063236,0.294474,0.393636,0.217582
2026021175,2027-03-20,2027-03-20T16:30:00Z,MTL,DET,false,1532.1819,1491.1622,-13.5197,0.403770,0.078654,0.037315,0.037315,0.072711,0.370235,0.480261,0.225995
2026021174,2027-03-20,2027-03-20T17:00:00Z,FLA,BUF,false,1502.3069,1542.3894,67.5825,0.301580,0.067184,0.036147,0.036147,0.079441,0.479501,0.595089,0.218919
2026021176,2027-03-20,2027-03-20T19:00:00Z,PHI,NYI,false,1506.5774,1497.7819,18.7045,0.361607,0.074841,0.037258,0.037258,0.076292,0.412743,0.526293,0.225650
2026021177,2027-03-20,2027-03-20T19:30:00Z,DAL,EDM,false,1545.3332,1509.0794,-8.7538,0.397430,0.078162,0.037341,0.037341,0.073309,0.376416,0.487067,0.226154
2026021178,2027-03-20,2027-03-20T21:00:00Z,BOS,NSH,false,1509.7025,1482.5060,0.3035,0.385474,0.077157,0.037358,0.037358,0.074382,0.388271,0.500011,0.226254
2026021179,2027-03-20,2027-03-20T23:00:00Z,TBL,OTT,false,1543.2239,1523.8346,8.1107,0.375275,0.076218,0.037338,0.037338,0.075237,0.398595,0.511170,0.226130
2026021180,2027-03-20,2027-03-20T23:00:00Z,TOR,NJD,false,1471.5008,1499.3772,55.3764,0.316057,0.069273,0.036536,0.036536,0.078929,0.462670,0.578134,0.221273
2026021181,2027-03-20,2027-03-20T23:00:00Z,CBJ,WPG,false,1493.8629,1491.7087,25.3458,0.353147,0.073922,0.037178,0.037178,0.076888,0.421686,0.535753,0.225167
2026021182,2027-03-20,2027-03-21T00:00:00Z,PIT,NYR,false,1495.4146,1473.0095,5.0949,0.379202,0.076588,0.037349,0.037349,0.074915,0.394596,0.506860,0.226201
2026021183,2027-03-20,2027-03-21T02:00:00Z,STL,VAN,false,1500.9569,1429.1356,-44.3213,0.445416,0.081174,0.036860,0.036860,0.068345,0.331345,0.436550,0.223239
2026021184,2027-03-20,2027-03-21T02:30:00Z,VGK,ANA,false,1500.3607,1489.3908,16.5302,0.364395,0.075133,0.037279,0.037279,0.076086,0.409827,0.523192,0.225777
2026021185,2027-03-20,2027-03-21T02:30:00Z,CAR,SJS,false,1557.3969,1461.5838,-68.3130,0.478409,0.082307,0.036174,0.036174,0.064429,0.302506,0.403110,0.219085
2026021186,2027-03-21,2027-03-21T18:00:00Z,UTA,MIN,false,1503.4991,1522.1862,46.1871,0.327193,0.070774,0.036780,0.036780,0.078421,0.450051,0.565253,0.222756
2026021187,2027-03-21,2027-03-21T19:00:00Z,BUF,NYI,false,1542.3894,1497.7819,-17.1075,0.408564,0.079007,0.037288,0.037288,0.072246,0.365608,0.475142,0.225828
2026021188,2027-03-21,2027-03-21T21:00:00Z,CHI,COL,false,1427.1552,1560.9154,161.2603,0.203912,0.049105,0.031148,0.031148,0.077245,0.607441,0.715834,0.188647
2026021189,2027-03-21,2027-03-22T00:00:00Z,WSH,NYR,false,1519.6010,1473.0095,-19.0915,0.411222,0.079195,0.037270,0.037270,0.071984,0.363060,0.472314,0.225718
2026021190,2027-03-21,2027-03-22T00:00:00Z,STL,CGY,false,1500.9569,1475.2226,1.7657,0.383556,0.076986,0.037357,0.037357,0.074547,0.390198,0.502101,0.226246
2026021191,2027-03-21,2027-03-22T00:00:00Z,LAK,SEA,false,1483.4393,1458.2032,2.2639,0.382904,0.076927,0.037356,0.037356,0.074603,0.390855,0.502813,0.226242
2026021192,2027-03-21,2027-03-22T01:00:00Z,EDM,VAN,false,1509.0794,1429.1356,-52.4438,0.456548,0.081641,0.036659,0.036659,0.067063,0.321429,0.425152,0.222023
2026021193,2027-03-22,2027-03-22T23:00:00Z,CBJ,PIT,false,1493.8629,1495.4146,29.0516,0.348465,0.073390,0.037124,0.037124,0.077198,0.426699,0.541021,0.224837
2026021194,2027-03-22,2027-03-22T23:30:00Z,TOR,MTL,false,1471.5008,1532.1819,88.1812,0.278008,0.063455,0.035335,0.035335,0.079879,0.507987,0.623202,0.214005
2026021195,2027-03-22,2027-03-23T02:00:00Z,SJS,ANA,false,1461.5838,1489.3908,55.3070,0.316141,0.069284,0.036538,0.036538,0.078926,0.462574,0.578037,0.221285
2026021196,2027-03-23,2027-03-23T23:00:00Z,BUF,BOS,false,1542.3894,1509.7025,-5.1869,0.392706,0.077777,0.037353,0.037353,0.073741,0.381069,0.492163,0.226225
2026021197,2027-03-23,2027-03-23T23:00:00Z,FLA,TBL,false,1502.3069,1543.2239,68.4171,0.300604,0.067038,0.036118,0.036118,0.079469,0.480654,0.596240,0.218743
2026021198,2027-03-23,2027-03-23T23:00:00Z,PHI,NJD,false,1506.5774,1499.3772,20.2998,0.359567,0.074624,0.037241,0.037241,0.076440,0.414886,0.528567,0.225546
2026021199,2027-03-23,2027-03-23T23:00:00Z,DET,WSH,false,1491.1622,1519.6010,55.9388,0.315382,0.069179,0.036519,0.036519,0.078957,0.463444,0.578920,0.221174
2026021200,2027-03-23,2027-03-24T00:00:00Z,NYR,NSH,false,1473.0095,1482.5060,36.9965,0.338522,0.072209,0.036983,0.036983,0.077809,0.437493,0.552286,0.223985
2026021201,2027-03-23,2027-03-24T00:00:00Z,CAR,DAL,false,1557.3969,1545.3332,15.4364,0.365802,0.075278,0.037289,0.037289,0.075980,0.408362,0.521631,0.225836
2026021202,2027-03-23,2027-03-24T00:00:00Z,CHI,MIN,false,1427.1552,1522.1862,122.5311,0.241268,0.056831,0.033591,0.033591,0.079428,0.555291,0.668310,0.203442
2026021203,2027-03-23,2027-03-24T00:00:00Z,STL,WPG,false,1500.9569,1491.7087,18.2518,0.362187,0.074903,0.037263,0.037263,0.076249,0.412136,0.525648,0.225678
2026021205,2027-03-23,2027-03-24T01:00:00Z,EDM,CGY,false,1509.0794,1475.2226,-6.3568,0.394253,0.077905,0.037350,0.037350,0.073601,0.379540,0.490491,0.226206
2026021204,2027-03-23,2027-03-24T01:30:00Z,UTA,COL,false,1503.4991,1560.9154,84.9163,0.281670,0.064061,0.035477,0.035477,0.079845,0.503471,0.618793,0.214859
2026021206,2027-03-23,2027-03-24T01:40:00Z,VGK,SEA,false,1500.3607,1458.2032,-14.6575,0.405288,0.078767,0.037307,0.037307,0.072565,0.368765,0.478637,0.225947
2026021207,2027-03-23,2027-03-24T02:00:00Z,LAK,VAN,false,1483.4393,1429.1356,-26.8037,0.421601,0.079883,0.037179,0.037179,0.070930,0.353227,0.461336,0.225172
2026021208,2027-03-24,2027-03-24T23:30:00Z,OTT,MTL,false,1523.8346,1532.1819,35.8473,0.339952,0.072383,0.037006,0.037006,0.077726,0.435928,0.550659,0.224120
2026021209,2027-03-24,2027-03-24T23:30:00Z,WSH,DET,false,1519.6010,1491.1622,-0.9388,0.387106,0.077300,0.037358,0.037358,0.074239,0.386637,0.498235,0.226256
2026021210,2027-03-24,2027-03-25T02:00:00Z,ANA,SJS,false,1489.3908,1461.5838,-0.3070,0.386276,0.077227,0.037358,0.037358,0.074312,0.387468,0.499138,0.226256
2026021213,2027-03-25,2027-03-25T22:30:00Z,PHI,TBL,false,1506.5774,1543.2239,64.1466,0.305618,0.067782,0.036263,0.036263,0.079316,0.474757,0.590336,0.219625
2026021211,2027-03-25,2027-03-25T23:00:00Z,OTT,BOS,false,1523.8346,1509.7025,13.3679,0.368467,0.075549,0.037306,0.037306,0.075776,0.405597,0.518679,0.225936
2026021212,2027-03-25,2027-03-25T23:00:00Z,TOR,BUF,false,1471.5008,1542.3894,98.3887,0.266747,0.061529,0.034865,0.034865,0.079898,0.522096,0.636859,0.211157
2026021214,2027-03-25,2027-03-25T23:00:00Z,NYR,FLA,false,1473.0095,1502.3069,56.7974,0.314353,0.069035,0.036494,0.036494,0.078998,0.464626,0.580118,0.221021
2026021215,2027-03-25,2027-03-25T23:00:00Z,NJD,PIT,false,1499.3772,1495.4146,23.5374,0.355442,0.074176,0.037202,0.037202,0.076731,0.419246,0.533179,0.225312
2026021216,2027-03-25,2027-03-25T23:00:00Z,DAL,CAR,false,1545.3332,1557.3969,39.5636,0.335339,0.071815,0.036931,0.036931,0.077990,0.440994,0.555915,0.223668
2026021217,2027-03-25,2027-03-25T23:00:00Z,CHI,CBJ,false,1427.1552,1493.8629,94.2078,0.271325,0.062323,0.035063,0.035063,0.079906,0.516320,0.631289,0.212355
2026021218,2027-03-25,2027-03-26T00:00:00Z,NYI,STL,false,1497.7819,1500.9569,30.6750,0.346422,0.073153,0.037098,0.037098,0.077329,0.428899,0.543326,0.224679
2026021219,2027-03-25,2027-03-26T00:00:00Z,COL,WPG,false,1560.9154,1491.7087,-41.7067,0.441843,0.081006,0.036918,0.036918,0.068746,0.334569,0.440234,0.223588
2026021220,2027-03-25,2027-03-26T01:00:00Z,EDM,MIN,false,1509.0794,1522.1862,40.6068,0.334049,0.071654,0.036909,0.036909,0.078062,0.442418,0.557388,0.223533
2026021221,2027-03-25,2027-03-26T01:00:00Z,LAK,CGY,false,1483.4393,1475.2226,19.2833,0.360866,0.074763,0.037252,0.037252,0.076346,0.413520,0.527118,0.225613
2026021222,2027-03-25,2027-03-26T01:40:00Z,ANA,SEA,false,1489.3908,1458.2032,-3.6876,0.390727,0.077611,0.037356,0.037356,0.073919,0.383031,0.494306,0.226243
2026021223,2027-03-25,2027-03-26T02:00:00Z,VGK,VAN,false,1500.3607,1429.1356,-43.7250,0.444600,0.081136,0.036874,0.036874,0.068437,0.332079,0.437390,0.223320
2026021224,2027-03-26,2027-03-26T23:00:00Z,BOS,WSH,false,1509.7025,1519.6010,37.3985,0.338023,0.072148,0.036975,0.036975,0.077838,0.438041,0.552854,0.223936
2026021225,2027-03-26,2027-03-27T00:00:00Z,NSH,CHI,false,1482.5060,1427.1552,-27.8509,0.423016,0.079971,0.037165,0.037165,0.070783,0.351901,0.459848,0.225083
2026021226,2027-03-26,2027-03-27T01:00:00Z,SJS,UTA,false,1461.5838,1503.4991,69.4153,0.299438,0.066862,0.036083,0.036083,0.079502,0.482033,0.597617,0.218529
2026021228,2027-03-27,2027-03-27T18:00:00Z,SEA,MIN,false,1458.2032,1522.1862,91.4831,0.274334,0.062837,0.035188,0.035188,0.079899,0.512553,0.627641,0.213112
2026021227,2027-03-27,2027-03-27T19:30:00Z,LAK,EDM,false,1483.4393,1509.0794,53.1401,0.318749,0.069644,0.036599,0.036599,0.078815,0.459594,0.575008,0.221657
2026021229,2027-03-27,2027-03-27T20:00:00Z,ANA,VAN,false,1489.3908,1429.1356,-32.7552,0.429658,0.080365,0.037089,0.037089,0.070081,0.345720,0.452889,0.224622
2026021230,2027-03-27,2027-03-27T22:00:00Z,PHI,FLA,false,1506.5774,1502.3069,23.2295,0.355834,0.074219,0.037206,0.037206,0.076704,0.418831,0.532741,0.225336
2026021231,2027-03-27,2027-03-27T23:00:00Z,OTT,TOR,false,1523.8346,1471.5008,-24.8339,0.418943,0.079714,0.037205,0.037205,0.071205,0.355727,0.464137,0.225329
2026021232,2027-03-27,2027-03-27T23:00:00Z,NJD,MTL,false,1499.3772,1532.1819,60.3047,0.310168,0.068442,0.036387,0.036387,0.079158,0.469458,0.585003,0.220374
2026021233,2027-03-27,2027-03-27T23:00:00Z,NYR,TBL,false,1473.0095,1543.2239,97.7144,0.267482,0.061657,0.034898,0.034898,0.079901,0.521165,0.635963,0.211353
2026021234,2027-03-27,2027-03-27T23:00:00Z,CAR,PIT,false,1557.3969,1495.4146,-34.4823,0.432003,0.080496,0.037059,0.037059,0.069828,0.343555,0.450442,0.224442
2026021235,2027-03-27,2027-03-27T23:00:00Z,STL,CBJ,false,1500.9569,1493.8629,20.4060,0.359431,0.074610,0.037240,0.037240,0.076449,0.415029,0.528719,0.225539
2026021236,2027-03-27,2027-03-27T23:00:00Z,WPG,COL,false,1491.7087,1560.9154,96.7067,0.268583,0.061849,0.034946,0.034946,0.079904,0.519773,0.634622,0.211644
2026021237,2027-03-27,2027-03-27T23:30:00Z,DET,NYI,false,1491.1622,1497.7819,34.1197,0.342107,0.072643,0.037038,0.037038,0.077597,0.433577,0.548212,0.224316
2026021238,2027-03-27,2027-03-28T00:00:00Z,NSH,DAL,false,1482.5060,1545.3332,90.3272,0.275617,0.063054,0.035240,0.035240,0.079894,0.510955,0.626089,0.213428
2026021239,2027-03-27,2027-03-28T02:00:00Z,VGK,CGY,false,1500.3607,1475.2226,2.3620,0.382775,0.076915,0.037356,0.037356,0.074614,0.390984,0.502954,0.226241
2026021240,2027-03-28,2027-03-28T18:00:00Z,SEA,CHI,false,1458.2032,1427.1552,-3.5480,0.390543,0.077595,0.037356,0.037356,0.073936,0.383214,0.494506,0.226244
2026021242,2027-03-28,2027-03-28T22:00:00Z,DET,MTL,false,1491.1622,1532.1819,68.5197,0.300484,0.067020,0.036114,0.036114,0.079473,0.480795,0.596382,0.218721
2026021241,2027-03-28,2027-03-28T23:00:00Z,WSH,TOR,false,1519.6010,1471.5008,-20.6003,0.413247,0.079335,0.037254,0.037254,0.071782,0.361127,0.470164,0.225626
2026021243,2027-03-28,2027-03-29T00:30:00Z,BUF,STL,false,1542.3894,1500.9569,-13.9325,0.404320,0.078695,0.037312,0.037312,0.072658,0.369701,0.479672,0.225978
2026021244,2027-03-29,2027-03-29T23:00:00Z,CAR,NJD,false,1557.3969,1499.3772,-30.5197,0.426627,0.080189,0.037125,0.037125,0.070403,0.348531,0.456059,0.224842
2026021245,2027-03-29,2027-03-29T23:00:00Z,MIN,NYR,false,1522.1862,1473.0095,-21.6767,0.414693,0.079434,0.037243,0.037243,0.071637,0.359751,0.468631,0.225556
2026021246,2027-03-29,2027-03-30T01:30:00Z,VAN,LAK,false,1429.1356,1483.4393,81.8037,0.285187,0.064634,0.035607,0.035607,0.079801,0.499165,0.614572,0.215648
2026021247,2027-03-29,2027-03-30T02:00:00Z,COL,SJS,false,1560.9154,1461.5838,-71.8316,0.483270,0.082410,0.036050,0.036050,0.063824,0.298395,0.398269,0.218335
2026021248,2027-03-30,2027-03-30T23:00:00Z,MTL,BOS,false,1532.1819,1509.7025,5.0206,0.379299,0.076597,0.037350,0.037350,0.074906,0.394498,0.506754,0.226203
2026021249,2027-03-30,2027-03-30T23:00:00Z,OTT,DET,false,1523.8346,1491.1622,-5.1724,0.392687,0.077776,0.037353,0.037353,0.073743,0.381088,0.492184,0.226225
2026021250,2027-03-30,2027-03-30T23:00:00Z,TOR,TBL,false,1471.5008,1543.2239,99.2232,0.265839,0.061370,0.034825,0.034825,0.079894,0.523248,0.637967,0.210913
2026021251,2027-03-30,2027-03-30T23:00:00Z,CBJ,FLA,false,1493.8629,1502.3069,35.9439,0.339832,0.072369,0.037004,0.037004,0.077733,0.436059,0.550796,0.224109
2026021253,2027-03-30,2027-03-30T23:00:00Z,PIT,PHI,false,1495.4146,1506.5774,38.6628,0.336454,0.071954,0.036950,0.036950,0.077928,0.439765,0.554642,0.223781
2026021254,2027-03-30,2027-03-30T23:00:00Z,CHI,WSH,false,1427.1552,1519.6010,119.9459,0.243917,0.057341,0.033738,0.033738,0.079513,0.551754,0.665004,0.204330
2026021252,2027-03-30,2027-03-30T23:30:00Z,CAR,NYI,false,1557.3969,1497.7819,-32.1150,0.428789,0.080315,0.037099,0.037099,0.070173,0.346524,0.453797,0.224687
2026021255,2027-03-30,2027-03-31T00:00:00Z,BUF,NSH,false,1542.3894,1482.5060,-32.3834,0.429153,0.080336,0.037095,0.037095,0.070135,0.346187,0.453416,0.224660
2026021256,2027-03-30,2027-03-31T00:00:00Z,CGY,DAL,false,1475.2226,1545.3332,97.6106,0.267595,0.061677,0.034903,0.034903,0.079901,0.521021,0.635825,0.211384
2026021257,2027-03-30,2027-03-31T01:40:00Z,UTA,SEA,false,1503.4991,1458.2032,-17.7960,0.409485,0.079072,0.037282,0.037282,0.072156,0.364723,0.474161,0.225791
2026021258,2027-03-30,2027-03-31T02:00:00Z,COL,ANA,false,1560.9154,1489.3908,-44.0246,0.445010,0.081155,0.036867,0.036867,0.068390,0.331711,0.436968,0.223280
2026021259,2027-03-31,2027-03-31T23:30:00Z,MIN,NJD,false,1522.1862,1499.3772,4.6910,0.379730,0.076637,0.037351,0.037351,0.074871,0.394062,0.506283,0.226209
2026021260,2027-03-31,2027-04-01T00:30:00Z,SJS,EDM,false,1461.5838,1509.0794,74.9956,0.292970,0.065869,0.035877,0.035877,0.079660,0.489747,0.605284,0.217283
2026021261,2027-03-31,2027-04-01T02:00:00Z,WPG,LAK,false,1491.7087,1483.4393,19.2306,0.360934,0.074770,0.037253,0.037253,0.076341,0.413450,0.527043,0.225617
2026021262,2027-03-31,2027-04-01T02:30:00Z,VAN,VGK,false,1429.1356,1500.3607,98.7250,0.266380,0.061465,0.034849,0.034849,0.079896,0.522560,0.637306,0.211059
2026021263,2027-04-01,2027-04-01T23:00:00Z,NYR,MTL,false,1473.0095,1532.1819,86.6724,0.279697,0.063735,0.035401,0.035401,0.079865,0.505900,0.621167,0.214403
2026021264,2027-04-01,2027-04-01T23:00:00Z,CBJ,TBL,false,1493.8629,1543.2239,76.8610,0.290825,0.065533,0.035805,0.035805,0.079705,0.492327,0.607836,0.216848
2026021265,2027-04-01,2027-04-01T23:00:00Z,TOR,FLA,false,1471.5008,1502.3069,58.3061,0.312549,0.068781,0.036449,0.036449,0.079069,0.466703,0.582221,0.220747
2026021267,2027-04-01,2027-04-01T23:00:00Z,NYI,PIT,false,1497.7819,1495.4146,25.1327,0.353417,0.073952,0.037181,0.037181,0.076870,0.421398,0.535450,0.225184
2026021268,2027-04-01,2027-04-01T23:00:00Z,BOS,BUF,false,1509.7025,1542.3894,60.1869,0.310308,0.068462,0.036391,0.036391,0.079153,0.469295,0.584839,0.220397
2026021266,2027-04-01,2027-04-01T23:30:00Z,WSH,PHI,false,1519.6010,1506.5774,14.4764,0.367037,0.075404,0.037297,0.037297,0.075886,0.407078,0.520261,0.225884
2026021269,2027-04-01,2027-04-02T00:00:00Z,CGY,STL,false,1475.2226,1500.9569,53.2343,0.318635,0.069628,0.036596,0.036596,0.078820,0.459724,0.575140,0.221641
2026021270,2027-04-01,2027-04-02T00:00:00Z,CHI,NSH,false,1427.1552,1482.5060,82.8509,0.284001,0.064442,0.035563,0.035563,0.079817,0.500613,0.615994,0.215386
2026021271,2027-04-01,2027-04-02T01:00:00Z,ANA,UTA,false,1489.3908,1503.4991,41.6083,0.332814,0.071498,0.036887,0.036887,0.078129,0.443786,0.558802,0.223401
2026021272,2027-04-02,2027-04-02T23:00:00Z,CAR,DET,false,1557.3969,1491.1622,-38.7347,0.437789,0.080804,0.036979,0.036979,0.069197,0.338252,0.444428,0.223959
2026021273,2027-04-02,2027-04-02T23:00:00Z,OTT,NYI,false,1523.8346,1497.7819,1.4473,0.383974,0.077023,0.037357,0.037357,0.074511,0.389778,0.501646,0.226248
2026021274,2027-04-02,2027-04-03T00:00:00Z,DAL,MIN,false,1545.3332,1522.1862,4.3530,0.380171,0.076678,0.037351,0.037351,0.074834,0.393615,0.505800,0.226214
2026021275,2027-04-02,2027-04-03T01:00:00Z,LAK,COL,false,1483.4393,1560.9154,104.9761,0.259631,0.060264,0.034540,0.034540,0.079841,0.531184,0.645565,0.209184
2026021276,2027-04-02,2027-04-03T02:00:00Z,EDM,VGK,false,1509.0794,1500.3607,18.7812,0.361509,0.074831,0.037257,0.037257,0.076299,0.412846,0.526403,0.225645
2026021277,2027-04-03,2027-04-03T16:30:00Z,FLA,NYR,false,1502.3069,1473.0095,-1.7974,0.388236,0.077398,0.037358,0.037358,0.074140,0.385510,0.497008,0.226255
2026021278,2027-04-03,2027-04-03T19:00:00Z,TBL,BOS,false,1543.2239,1509.7025,-6.0214,0.393810,0.077869,0.037351,0.037351,0.073641,0.379978,0.490971,0.226212
2026021279,2027-04-03,2027-04-03T19:30:00Z,CGY,NSH,false,1475.2226,1482.5060,34.7834,0.341278,0.072544,0.037026,0.037026,0.077647,0.434480,0.549152,0.224242
2026021280,2027-04-03,2027-04-03T21:00:00Z,CBJ,WSH,false,1493.8629,1519.6010,53.2381,0.318631,0.069628,0.036596,0.036596,0.078820,0.459729,0.575145,0.221640
2026021281,2027-04-03,2027-04-03T21:00:00Z,NJD,CAR,false,1499.3772,1557.3969,85.5197,0.280991,0.063949,0.035451,0.035451,0.079853,0.504306,0.619609,0.214703
2026021282,2027-04-03,2027-04-03T22:00:00Z,CHI,DAL,false,1427.1552,1545.3332,145.6781,0.218413,0.052220,0.032183,0.032183,0.078325,0.586676,0.697184,0.194911
2026021283,2027-04-03,2027-04-03T23:00:00Z,BUF,TOR,false,1542.3894,1471.5008,-43.3887,0.444141,0.081115,0.036881,0.036881,0.068489,0.332494,0.437863,0.223366
2026021284,2027-04-03,2027-04-03T23:00:00Z,WPG,SEA,false,1491.7087,1458.2032,-6.0056,0.393789,0.077867,0.037351,0.037351,0.073643,0.379999,0.490993,0.226212
2026021285,2027-04-03,2027-04-04T00:00:00Z,PHI,PIT,false,1506.5774,1495.4146,16.3372,0.364643,0.075159,0.037281,0.037281,0.076067,0.409569,0.522917,0.225788
2026021286,2027-04-03,2027-04-04T02:00:00Z,VGK,UTA,false,1500.3607,1503.4991,30.6385,0.346468,0.073159,0.037098,0.037098,0.077326,0.428850,0.543274,0.224682
2026021287,2027-04-03,2027-04-04T02:00:00Z,SJS,VAN,false,1461.5838,1429.1356,-4.9482,0.392391,0.077751,0.037354,0.037354,0.073770,0.381381,0.492504,0.226228
2026021288,2027-04-03,2027-04-04T02:00:00Z,EDM,ANA,false,1509.0794,1489.3908,7.8114,0.375664,0.076255,0.037339,0.037339,0.075206,0.398198,0.510742,0.226138
2026021289,2027-04-03,2027-04-04T02:30:00Z,STL,LAK,false,1500.9569,1483.4393,9.9824,0.372845,0.075983,0.037328,0.037328,0.075433,0.401083,0.513844,0.226071
2026021290,2027-04-04,2027-04-04T18:00:00Z,COL,MIN,false,1560.9154,1522.1862,-11.2292,0.400719,0.078421,0.037329,0.037329,0.073001,0.373201,0.483531,0.226081
2026021292,2027-04-04,2027-04-04T19:00:00Z,DET,OTT,false,1491.1622,1523.8346,60.1724,0.310325,0.068464,0.036391,0.036391,0.079152,0.469275,0.584819,0.220399
2026021291,2027-04-04,2027-04-04T20:30:00Z,FLA,NJD,false,1502.3069,1499.3772,24.5703,0.354130,0.074031,0.037189,0.037189,0.076821,0.420639,0.534649,0.225230
2026021293,2027-04-04,2027-04-04T23:00:00Z,PIT,WSH,false,1495.4146,1519.6010,51.6865,0.320505,0.069883,0.036639,0.036639,0.078738,0.457596,0.572973,0.221899
2026021294,2027-04-04,2027-04-04T23:30:00Z,MTL,NYI,false,1532.1819,1497.7819,-6.9000,0.394973,0.077964,0.037348,0.037348,0.073535,0.378832,0.489715,0.226196
2026021295,2027-04-04,2027-04-05T01:30:00Z,STL,SJS,false,1500.9569,1461.5838,-11.8731,0.401576,0.078487,0.037326,0.037326,0.072920,0.372366,0.482612,0.226058
2026021296,2027-04-05,2027-04-05T18:00:00Z,PHI,CAR,false,1506.5774,1557.3969,78.3195,0.289155,0.065269,0.035748,0.035748,0.079736,0.494344,0.609828,0.216501
2026021297,2027-04-05,2027-04-05T23:00:00Z,TBL,BUF,false,1543.2239,1542.3894,26.6655,0.351476,0.073734,0.037160,0.037160,0.077000,0.423469,0.537630,0.225054
2026021298,2027-04-05,2027-04-05T23:00:00Z,BOS,TOR,false,1509.7025,1471.5008,-10.7018,0.400017,0.078366,0.037332,0.037332,0.073067,0.373885,0.484284,0.226098
2026021299,2027-04-05,2027-04-06T00:00:00Z,SEA,DAL,false,1458.2032,1545.3332,114.6301,0.249424,0.058386,0.034032,0.034032,0.079660,0.544466,0.658158,0.206110
2026021300,2027-04-05,2027-04-06T01:30:00Z,WPG,UTA,false,1491.7087,1503.4991,39.2904,0.335677,0.071857,0.036937,0.036937,0.077972,0.440621,0.555529,0.223702
2026021301,2027-04-05,2027-04-06T01:30:00Z,CGY,EDM,false,1475.2226,1509.0794,61.3568,0.308918,0.068262,0.036354,0.036354,0.079203,0.470908,0.586465,0.220173
2026021306,2027-04-06,2027-04-06T23:00:00Z,PIT,NYR,false,1495.4146,1473.0095,5.0949,0.379202,0.076588,0.037349,0.037349,0.074915,0.394596,0.506860,0.226201
2026021302,2027-04-06,2027-04-06T23:15:00Z,MTL,FLA,false,1532.1819,1502.3069,-2.3750,0.388997,0.077464,0.037358,0.037358,0.074073,0.384751,0.496182,0.226252
2026021303,2027-04-06,2027-04-06T23:30:00Z,TBL,NJD,false,1543.2239,1499.3772,-16.3468,0.407546,0.078933,0.037294,0.037294,0.072346,0.366587,0.476227,0.225867
2026021305,2027-04-06,2027-04-06T23:30:00Z,DET,NYI,false,1491.1622,1497.7819,34.1197,0.342107,0.072643,0.037038,0.037038,0.077597,0.433577,0.548212,0.224316
2026021304,2027-04-06,2027-04-06T23:45:00Z,WSH,CBJ,false,1519.6010,1493.8629,1.7619,0.383561,0.076986,0.037357,0.037357,0.074546,0.390193,0.502096,0.226246
2026021307,2027-04-06,2027-04-07T00:00:00Z,SEA,NSH,false,1458.2032,1482.5060,51.8029,0.320364,0.069864,0.036636,0.036636,0.078744,0.457756,0.573136,0.221880
2026021308,2027-04-06,2027-04-07T00:00:00Z,CHI,MIN,false,1427.1552,1522.1862,122.5311,0.241268,0.056831,0.033591,0.033591,0.079428,0.555291,0.668310,0.203442
2026021309,2027-04-06,2027-04-07T02:00:00Z,COL,VAN,false,1560.9154,1429.1356,-104.2798,0.528127,0.082599,0.034651,0.034651,0.057958,0.262013,0.354622,0.209860
2026021311,2027-04-06,2027-04-07T02:15:00Z,LAK,ANA,false,1483.4393,1489.3908,33.4515,0.342942,0.072743,0.037050,0.037050,0.077546,0.432669,0.547265,0.224389
2026021310,2027-04-06,2027-04-07T02:30:00Z,STL,VGK,false,1500.9569,1500.3607,26.9037,0.351175,0.073700,0.037156,0.037156,0.077020,0.423792,0.537969,0.225033
2026021313,2027-04-07,2027-04-07T23:00:00Z,OTT,CAR,false,1523.8346,1557.3969,61.0622,0.309268,0.068313,0.036363,0.036363,0.079191,0.470502,0.586056,0.220230
2026021312,2027-04-07,2027-04-07T23:30:00Z,BOS,BUF,false,1509.7025,1542.3894,60.1869,0.310308,0.068462,0.036391,0.036391,0.079153,0.469295,0.584839,0.220397
2026021314,2027-04-07,2027-04-08T00:00:00Z,EDM,WPG,false,1509.0794,1491.7087,10.1293,0.372655,0.075964,0.037327,0.037327,0.075448,0.401279,0.514054,0.226066
2026021315,2027-04-07,2027-04-08T01:00:00Z,DAL,UTA,false,1545.3332,1503.4991,-14.3341,0.404856,0.078735,0.037310,0.037310,0.072607,0.369182,0.479099,0.225961
2026021316,2027-04-08,2027-04-08T23:00:00Z,WSH,OTT,false,1519.6010,1523.8346,31.7336,0.345093,0.072998,0.037080,0.037080,0.077413,0.430335,0.544829,0.224571
2026021317,2027-04-08,2027-04-08T23:00:00Z,MTL,TBL,false,1532.1819,1543.2239,38.5420,0.336604,0.071973,0.036952,0.036952,0.077919,0.439600,0.554471,0.223796
2026021318,2027-04-08,2027-04-08T23:00:00Z,NYI,NJD,false,1497.7819,1499.3772,29.0953,0.348410,0.073384,0.037123,0.037123,0.077202,0.426758,0.541083,0.224833
2026021319,2027-04-08,2027-04-08T23:30:00Z,PHI,CBJ,false,1506.5774,1493.8629,14.7856,0.366639,0.075364,0.037294,0.037294,0.075916,0.407492,0.520703,0.225869
2026021320,2027-04-08,2027-04-09T00:00:00Z,NSH,CHI,false,1482.5060,1427.1552,-27.8509,0.423016,0.079971,0.037165,0.037165,0.070783,0.351901,0.459848,0.225083
2026021321,2027-04-08,2027-04-09T00:00:00Z,SEA,STL,false,1458.2032,1500.9569,70.2538,0.298461,0.066714,0.036053,0.036053,0.079528,0.483191,0.598772,0.218347
2026021322,2027-04-08,2027-04-09T01:00:00Z,COL,CGY,false,1560.9154,1475.2226,-58.1928,0.464453,0.081920,0.036498,0.036498,0.066128,0.314503,0.417129,0.221044
2026021323,2027-04-08,2027-04-09T02:00:00Z,MIN,SJS,false,1522.1862,1461.5838,-33.1024,0.430129,0.080391,0.037083,0.037083,0.070030,0.345284,0.452397,0.224587
2026021324,2027-04-08,2027-04-09T02:00:00Z,VGK,LAK,false,1500.3607,1483.4393,10.5786,0.372073,0.075907,0.037324,0.037324,0.075494,0.401877,0.514696,0.226050
2026021325,2027-04-09,2027-04-09T23:00:00Z,PIT,DET,false,1495.4146,1491.1622,23.2477,0.355810,0.074217,0.037206,0.037206,0.076705,0.418855,0.532767,0.225334
2026021326,2027-04-09,2027-04-09T23:00:00Z,BOS,FLA,false,1509.7025,1502.3069,20.1044,0.359817,0.074651,0.037243,0.037243,0.076422,0.414624,0.528289,0.225560
2026021327,2027-04-09,2027-04-09T23:00:00Z,VAN,WPG,false,1429.1356,1491.7087,90.0731,0.275899,0.063101,0.035252,0.035252,0.079892,0.510604,0.625748,0.213497
2026021328,2027-04-09,2027-04-10T00:00:00Z,UTA,DAL,false,1503.4991,1545.3332,69.3341,0.299533,0.066877,0.036085,0.036085,0.079499,0.481921,0.597505,0.218547
2026021329,2027-04-10,2027-04-10T16:30:00Z,WSH,PHI,false,1519.6010,1506.5774,14.4764,0.367037,0.075404,0.037297,0.037297,0.075886,0.407078,0.520261,0.225884
2026021330,2027-04-10,2027-04-10T19:00:00Z,MIN,COL,false,1522.1862,1560.9154,66.2292,0.303167,0.067421,0.036193,0.036193,0.079393,0.477632,0.593219,0.219201
2026021331,2027-04-10,2027-04-10T20:00:00Z,ANA,SJS,false,1489.3908,1461.5838,-0.3070,0.386276,0.077227,0.037358,0.037358,0.074312,0.387468,0.499138,0.226256
2026021332,2027-04-10,2027-04-10T21:00:00Z,CBJ,NYI,false,1493.8629,1497.7819,31.4190,0.345488,0.073044,0.037085,0.037085,0.077388,0.429908,0.544382,0.224603
2026021333,2027-04-10,2027-04-10T22:00:00Z,DET,BUF,false,1491.1622,1542.3894,78.7272,0.288689,0.065195,0.035731,0.035731,0.079745,0.494908,0.610384,0.216403
2026021334,2027-04-10,2027-04-10T22:00:00Z,CAR,FLA,false,1557.3969,1502.3069,-27.5900,0.422663,0.079949,0.037168,0.037168,0.070820,0.352231,0.460219,0.225106
2026021335,2027-04-10,2027-04-10T22:00:00Z,PIT,NJD,false,1495.4146,1499.3772,31.4626,0.345433,0.073038,0.037085,0.037085,0.077392,0.429968,0.544444,0.224599
2026021336,2027-04-10,2027-04-10T22:00:00Z,SEA,CHI,false,1458.2032,1427.1552,-3.5480,0.390543,0.077595,0.037356,0.037356,0.073936,0.383214,0.494506,0.226244
2026021337,2027-04-10,2027-04-10T23:00:00Z,DAL,NSH,false,1545.3332,1482.5060,-35.3272,0.433151,0.080559,0.037044,0.037044,0.069704,0.342498,0.449246,0.224350
2026021338,2027-04-10,2027-04-10T23:00:00Z,MTL,OTT,false,1532.1819,1523.8346,19.1527,0.361033,0.074781,0.037254,0.037254,0.076334,0.413345,0.526932,0.225622
2026021339,2027-04-10,2027-04-10T23:00:00Z,TOR,NYR,false,1471.5008,1473.0095,29.0087,0.348519,0.073396,0.037125,0.037125,0.077195,0.426641,0.540960,0.224841
2026021340,2027-04-10,2027-04-10T23:00:00Z,UTA,STL,false,1503.4991,1500.9569,24.9578,0.353639,0.073977,0.037184,0.037184,0.076855,0.421162,0.535201,0.225199
2026021341,2027-04-10,2027-04-11T00:00:00Z,BOS,TBL,false,1509.7025,1543.2239,61.0214,0.309316,0.068320,0.036365,0.036365,0.079189,0.470446,0.585999,0.220238
2026021342,2027-04-10,2027-04-11T02:00:00Z,VAN,CGY,false,1429.1356,1475.2226,73.5870,0.294595,0.066122,0.035930,0.035930,0.079624,0.487799,0.603353,0.217606
2026021343,2027-04-10,2027-04-11T02:00:00Z,WPG,EDM,false,1491.7087,1509.0794,44.8707,0.328804,0.070984,0.036812,0.036812,0.078340,0.448248,0.563400,0.222948
2026021344,2027-04-10,2027-04-11T02:30:00Z,LAK,VGK,false,1483.4393,1500.3607,44.4214,0.329355,0.071055,0.036823,0.036823,0.078311,0.447633,0.562767,0.223012
